id,virus,host
1,FBS,mice
2,ICR,mice
3,TBE,human
4,WNV,mouse
5,TBEV,cow
6,NSW,Human
7,BHK,Human
8, BTS ,Choloepus hoffmanni
9, BTS ,brown  throated sloth
10, HTS ,Choloepus hoffmanni
11, HTS ,brown  throated sloth
12,BHK,green monkey
13,BHK,Human
14,BHK,Human
15,BHK,mouse
16,Louping ill,sheep
17,Louping ill,sheep
18,Powassan,sheep
19,Powassan,sheep
20,tick  borne encephalitis,sheep
21,tick  borne encephalitis,sheep
22,Omsk hemorrhagic fever,sheep
23,Omsk hemorrhagic fever,sheep
24,Kyasanur Forest disease,sheep
25,Kyasanur Forest disease,sheep
26,TBE,sheep
27,TBE,sheep
28,tick  borne encephalitis,sheep
29,tick  borne encephalitis,sheep
30,Langat,sheep
31,Langat,sheep
32,TBEV,Apodemus flavicollis
33,TBEV,Sciurus vulgaris
34,TBEV,cattle
35,TBEV,Sorex araneus
36,TBEV,sheep
37,TBEV,Erinaceus concolor
38,TBEV,Apodemus sylvaticus
39,TBEV,Myodes glareolus
40,TBEV,Myodes rufocanus
41,TBEV,goat
42,TBEV,Microtus agrestis
43,WNV,mouse
44,WNV,mouse
45,WNV,chicken
46,WNV,rabbit
47,WNV,chicken
48,WNV,rabbit
49,TBE,horse
50,TBE,dog
51,TBE,horse
52,TBE,dog
53,EEE,cattle
54,TBE,monkey
55,TBEV,M arvalis
56,TBEV,M arvalis
57,KFDV,human
58,TMEV,Alectoris rufa
59,TMEV,turkey
60,TMEV,Phasianus colchicus
61,Israel turkey meningoencephalomyelitis virus,Alectoris rufa
62,Israel turkey meningoencephalomyelitis virus,turkey
63,Israel turkey meningoencephalomyelitis virus,Phasianus colchicus
64,BAGV,Alectoris rufa
65,BAGV,turkey
66,BAGV,Phasianus colchicus
67,BAGV,Alectoris rufa
68,BAGV,turkey
69,BAGV,Phasianus colchicus
70,WNV,Canis latrans
71,TBE,dog
72,TBEV,human
73,TBEV,monkey
74,TBEV,monkey
75,WNV,Rousettus leschenaultii
76,EEE virus,cattle
77,EEE virus,cattle
78,TBEV,sheep
79,SEPV,human
80,SEPV,sheep
81,ZIKV,human
82,ZIKV,human
83,West Nile virus,Weasel
84,West Nile virus,Lemur catta
85,West Nile virus,Ring  tailed lemur
86,West Nile virus,Propithecus verreauxi
87,West Nile virus,Barbary macaque
88,West Nile virus,Macaca sylvanus
89,West Nile virus,Propithecus coquereli
90,West Nile virus,Brown lemur
91,West Nile virus,Lepilemur edwardsi
92,West Nile virus,Papio cynocephalus
93,LOUPING ill,cattle
94,LOUPING ill,sheep
95,Louping ill Virus,cattle
96,Louping ill Virus,sheep
97,West Nile Virus,human
98,West Nile virus,human
99,tick  borne encephalitis,cattle
100,USUV,human
101,TBEV,red deer
102,VSV,Didelphis virginiana
103,louping ill virus,pig
104,louping ill virus,sheep
105,louping ill virus,mice
106, DENV ,human
107,dengue virus,human
108,WNV,chicken
109,CVL,horse
110,JEV,horse
111,WEE,Horse
112,WNV,red fox
113,WNV,red fox
114,West Nile,chicken
115,TBEV,rabbit
116,Zika virus,human
117,NEP,Desert cottontail
118,USUV,horse
119,West Nile virus,Panthera uncia
120, SPF ,chicken
121,KUN,human
122,SLE virus,human
123,MVE,human
124,KFDV,human
125,KFDV,human
126,Tick  borne encephalitis,goat
127,West Nile Virus,Human
128,Sapporo,human
129,TBE,human
130,USUV,Pyrrhula pyrrhula
131,USUV,Dendrocopos major
132,USUV,great spotted woodpecker
133,KFDV,monkey
134,YF virus,mice
135,LIV,human
136,TBEV,human
137,ASFV,human
138,WNV,Black  headed gull
139,WNV,Mute swan
140,WNV,Common tern
141,WNV,White stork
142,WNV,White stork
143,WNV,Black  headed gull
144,WNV,White stork
145,WNV,Common tern
146,WNV,White stork
147,WNV,White stork
148,WNV,Mute swan
149,WEST NILE,Black  headed gull
150,WEST NILE,Mute swan
151,WEST NILE,Common tern
152,WEST NILE,White stork
153,WEST NILE,White stork
154,WEST NILE,Black  headed gull
155,WEST NILE,White stork
156,WEST NILE,Common tern
157,WEST NILE,White stork
158,WEST NILE,White stork
159,WEST NILE,Mute swan
160,USUV,Black  headed gull
161,USUV,Mute swan
162,USUV,Common tern
163,USUV,White stork
164,USUV,White stork
165,USUV,Black  headed gull
166,USUV,White stork
167,USUV,Common tern
168,USUV,White stork
169,USUV,White stork
170,USUV,Mute swan
171,USUTU,Black  headed gull
172,USUTU,Mute swan
173,USUTU,Common tern
174,USUTU,White stork
175,USUTU,White stork
176,USUTU,Black  headed gull
177,USUTU,White stork
178,USUTU,Common tern
179,USUTU,White stork
180,USUTU,White stork
181,USUTU,Mute swan
182,WNV,Urocyon cinereoargenteus
183,WNV,gray fox
184,TBEV,Turdus iliacus
185,West Nile virus,Mus musculus
186,West Nile virus,White  footed mouse
187,West Nile virus,House mouse
188,West Nile virus,Peromyscus leucopus
189,West Nile virus,R rattus
190,West Nile,human
191,WNV,pig
192,WNV,blackbird
193,WNV,pig
194,WNV,blackbird
195,USUV,pig
196,USUV,blackbird
197,TBE,human
198,TBEV,human
199,West Nile virus,mice
200,TBE,horse
201,TBE,dog
202,USUV,Vulpes vulpes
203,USUV,red fox
204,USUV,cat
205,JUTV,Sigmodon hispidus
206,JUTV,white  footed mouse
207,JUTV,Peromyscus leucopus
208,SVV,Sigmodon hispidus
209,SVV,white  footed mouse
210,SVV,Peromyscus leucopus
211,Cowbone Ridge virus,Sigmodon hispidus
212,Cowbone Ridge virus,white  footed mouse
213,Cowbone Ridge virus,Peromyscus leucopus
214,SPV,Sigmodon hispidus
215,SPV,white  footed mouse
216,SPV,Peromyscus leucopus
217,TBEV,mice
218,TBEV,mice
219,TBEV,mice
220,JEV,mouse
221,JEV,horse
222,West Nile,human
223,Sindbis,human
224,SLE virus,human
225,TBE,human
226,TBE,human
227,TBE,human
228,SLEV,Bay  winged Cowbird
229,SLEV,Rufous Hornero
230,SLEV,Bay  winged Cowbird
231,SLEV,Rufous Hornero
232,TAHV,Clethrionomys glareolus
233,TAHV,Apodemus sylvaticus
234,TAHV,wood mouse
235,TAHV,bank vole
236,yellow fever,Monkey
237,Zika,Monkey
238,West Nile virus,human
239,TBE,V vulpes
240,TBE,red fox
241,TBE virus,horse
242,TBE virus,A speciosus
243,TBE virus,dog
244,JE virus,bearded pig
245,JE virus,bearded pig
246,TBEV,monkey
247,WNV,house sparrow
248,WNV,Passer domesticus
249,Tembusu virus,Chicken
250,WNV,Procyon lotor
251,tick  borne encephalitis virus,cow
252,TBE,human
253,Kyasanur forest disease virus,Rattus rattus
254,TBEV,Microtus arvalis
255, CPE ,green monkey
256,USUV,green monkey
257,WNV,green monkey
258,Usutu virus,Pyrrhula pyrrhula
259,Usutu virus,great spotted woodpecker
260,West Nile virus,horse
261,West Nile virus,Chicken
262,USUTU virus,horse
263,USUTU virus,Chicken
264,WNV,Great Kiskadee
265,WNV,American Kestrel
266,WNV,Falco sparverius
267,WNV,House Sparrow
268,WNV,Rufous Hornero
269,West Nile virus,human
270,TBEV,M arvalis
271,TBEV,Microtus agrestis
272,TBEV,Apodemus agrarius
273,TBEV,Apodemus
274,TBEV,Myodes glareolus
275,TBEV,Apodemus flavicollis
276,WNV,Cygnus olor
277,WNV,Ciconia ciconia
278,WNV,Corvus corone cornix
279,WNV,mute swan
280,Zika,rhesus monkey
281,TBEV,Apodemus agrarius
282,TBEV,Apodemus agrarius
283,ALKV,sheep
284,KFDV,sheep
285,TBE,human
286,WNV,Crowned Eagle
287,Kyasanur forest disease virus,Suncus murinus
288,West Nile virus,Accipiter gentilis
289,West Nile virus,Bubo virginianus
290,WNV,human
291,West Nile,Agelaius phoeniceus
292,Japanese encephalitis,Agelaius phoeniceus
293,NSW,Horse
294,West Nile,Horse
295,WEE,human
296,WEE,cattle
297,WEE,horse
298,EEE virus,human
299,EEE virus,cattle
300,EEE virus,horse
301,USUV,common kestrel
302,WNV,common kestrel
303,USUV,great spotted woodpecker
304,TBEV,Turdus pilaris
305,USUTU VIRUS,blackbird
306,USUTU VIRUS,blackbird
307,tick  borne encephalitis,sheep
308,TBE,human
309,TBE,human
310,JEV,human
311,TBE,human
312,TMUV,duck
313,BAGV,red  legged partridge
314,BAGV,common pheasant
315,West Nile Virus,human
316,WNV,Rufous Hornero
317,dengue,monkeys
318,JEV,monkeys
319,DENV,monkeys
320,LIV,goat
321,LIV,sheep
322,BAHV,Oenanthe oenanthe
323,DENV,monkey
324,Zika virus,mice
325,Zika virus,mouse
326,SINV,human
327,TBEV,Troglodytes troglodytes
328,TBEV,T pilaris
329,TBEV,Accipiter gentilis
330,TBEV,Turdus pallidus
331,TBEV,T iliacus
332,TBEV,Lanius cristatus
333,TBEV,Emberiza fucata
334,TBE virus,A speciosus
335,TBE,human
336,KFD,human
337,Yellow fever,mantled howler
338,Yellow fever,monkeys
339,Yellow fever,monkeys
340,USUV,Turdus merula
341,TBEV,pig
342,TBEV,reed warbler
343,TBEV,fieldfare
344,TBEV,Acrocephalus dumetorum
345,Tick  borne encephalitis,goat
346, SLE ,Orcinus orca
347, SLE ,killer whale
348, SLE ,killer whale
349,EEE,cattle
350,EEE,chicken
351,EEE,Glaucidium brasilianum
352,Pixuna,cattle
353,Pixuna,chicken
354,Pixuna,Glaucidium brasilianum
355,Una,cattle
356,Una,chicken
357,Una,Glaucidium brasilianum
358,USUV,blackbird
359,USUV,magpie
360,dengue,Human
361,WNV,African arvicanthis
362,WNV,common dasymys
363,WNV,Dasymys incomtus
364,WNV,rusty  bellied brush  furred rat
365,WNV,Thallomys nigricauda
366,Sindbis,human
367,ZIKV,human
368,West Nile virus,Crocidura zaphiri
369,West Nile virus,Greater white  toothed shrew
370,West Nile virus,Papio anubis
371,West Nile virus,olive baboon
372,West Nile virus,Asian house shrew
373,West Nile virus,Suncus murinus
374,West Nile virus,Crocidura russula
375,West Nile virus,yellow baboon
376,West Nile virus,African giant shrew
377,West Nile virus,Papio cynocephalus
378,Usutu virus,human
379,tick  borne encephalitis,sheep
380,SPOV,human
381,WNV,Crowned Eagle
382,Kadam virus,human
383,Royal farm virus,human
384,TBE,human
385,SLEV,human
386,TBE,Apodemus
387,TBE,human
388,TBE,Apodemus
389,TBE,human
390,TBE virus,Apodemus
391,TBE virus,human
392,TBEV,M arvalis
393,TBEV,A agrarius
394,TBEV,M glareolus
395,JEV,swine
396,West Nile,human
397,Murray Valley encephalitis,human
398, MVE ,human
399,SLE virus,human
400,WN virus,human
401,Japanese encephalitis,human
402,West Nile,human
403,FCS,mice
404,FCS,mice
405,Pasteurella,Cynomys mexicanus
406,WNV,Corvus corone cornix
407,WNV,European Starling
408,WNV,Sturnus vulgaris
409,WNV,Eurasian Blackbird
410,WNV,Magpie
411,WNV,Turdus merula
412,WNV,Eurasian Jay
413,WNV,Garrulus glandarius
414,WNV,Carrion Crow
415,WNV,Pica pica
416,USUV,Corvus corone cornix
417,USUV,European Starling
418,USUV,Sturnus vulgaris
419,USUV,Eurasian Blackbird
420,USUV,Magpie
421,USUV,Turdus merula
422,USUV,Eurasian Jay
423,USUV,Garrulus glandarius
424,USUV,Carrion Crow
425,USUV,Pica pica
426,WNV,Corvus corone cornix
427,WNV,European Starling
428,WNV,Sturnus vulgaris
429,WNV,Eurasian Blackbird
430,WNV,Magpie
431,WNV,Turdus merula
432,WNV,Eurasian Jay
433,WNV,Garrulus glandarius
434,WNV,Carrion Crow
435,WNV,Pica pica
436,USUV,Corvus corone cornix
437,USUV,European Starling
438,USUV,Sturnus vulgaris
439,USUV,Eurasian Blackbird
440,USUV,Magpie
441,USUV,Turdus merula
442,USUV,Eurasian Jay
443,USUV,Garrulus glandarius
444,USUV,Carrion Crow
445,USUV,Pica pica
446,KOU,Human
447,TMB,horse
448,TBEV,red deer
449,WNV,magpie
450,WEEV,mouse
451,SLEV,mouse
452,TBEV,rabbit
453,WNV,House Sparrow
454,WNV,Passer domesticus
455,WNV,Hemignathus virens
456,WNV,House Finch
457,WNV,Carpodacus mexicanus
458,SLEV,House Sparrow
459,SLEV,Passer domesticus
460,SLEV,Hemignathus virens
461,SLEV,House Finch
462,SLEV,Carpodacus mexicanus
463,DENV,human
464,TBE,cattle
465,TBE,cattle
466,TBEV,cattle
467,Usutu,Larus ridibundus
468,Usutu,black  headed gull
469,bluetongue,mouflon
470,epizootic hemorrhagic disease,mouflon
471,PHA,horse
472,TBEV,cow
473,TBEV,sheep
474,TBEV,human
475,TBEV,goat
476,CPE,cow
477,CPE,sheep
478,CPE,human
479,CPE,goat
480,SLE,human
481,SLE,cattle
482,WNV,human
483,JEV,human
484,SLEV,human
485,JEV,human
486,WNV,Great Tit
487,WNV,Great Spotted Woodpecker
488,WNV,Northern Goshawk
489,SIN,human
490,SIN,human
491,ZIKV,human
492,ZIKV,human
493,SLE,killer whale
494,SLE virus,killer whale
495,CDC,killer whale
496,USUV,blackbird
497,WNV,jay
498,TBE,human
499,TBE,human
500,WNV,blackbird
501,TBEV,mouse
502,TBEV,goat
503,TBEV,mouse
504,TBEV,goat
505,WNV,human
506,TBE virus,A speciosus
507,LAN,human
508,CHIK,human
509,TBE,human
510,TBE,R norvegicus
511,TBE,A speciosus
512,USUV,Blackbird
513,Entebbe bat virus,sheep
514,Saumarez Reef virus,sheep
515,Modoc virus,sheep
516,Montana myotis leukoencephalitis virus,sheep
517,Dengue virus,sheep
518,Omsk hemorrhagic fever virus,sheep
519,BSQV,sheep
520,Aroa virus,sheep
521,KFDV,sheep
522,Murray Valley encephalitis virus,sheep
523,ENTV,sheep
524,Kadam virus,sheep
525,Royal Farm virus,sheep
526,Bagaza virus,sheep
527,AHFV,sheep
528,Yokose virus,sheep
529,West Nile virus,sheep
530,Louping ill virus,sheep
531,OHFV,sheep
532,BAGV,sheep
533,tick  borne encephalitis,sheep
534,Japanese encephalitis virus,sheep
535,Tyuleniy virus,sheep
536,Dengue virus,sheep
537,MVEV,sheep
538,Apoi virus,sheep
539,WNV,sheep
540,LIV,sheep
541,ROCV,sheep
542,Usutu virus,sheep
543,SLEV,sheep
544,KUNV,sheep
545,TYUV,sheep
546,Meaban virus,sheep
547,Ilheus virus,sheep
548,Rio Bravo virus,sheep
549,USUV,sheep
550,JEV,sheep
551,Dengue virus,sheep
552,tick  borne encephalitis virus,sheep
553,Yellow fever virus,sheep
554,Tick  borne encephalitis,sheep
555,Yellow fever virus,sheep
556,Powassan virus,sheep
557,MEAV,sheep
558,Kokobera virus,sheep
559,ILHV,sheep
560,RBV,sheep
561,Langat virus,sheep
562,Kyasanur forest disease virus,sheep
563,Dengue virus,sheep
564,IGUV,sheep
565,POWV,sheep
566,YFV,sheep
567,KOKV,sheep
568,Gadgets Gully virus,sheep
569,tick  borne encephalitis,human
570,JEV,swine
571,JEV,Black  crowned Night Heron
572,JEV,Bubulcus ibis
573,JEV,Cattle Egret
574,JEV,Sus scrofa
575,JEV,Nycticorax nycticorax
576,LI virus,mouse
577,LI virus,mouse
578,USUV,T merula
579,USUV,Blackbird
580,PHA,horse
581,Chikungunya,human
582,TBEV,cattle
583,TBEV,Vulpes vulpes
584,TBEV,Capreolus capreolus
585,TBEV,roe deer
586,TBEV,red fox
587,TBEV,cattle
588,TBEV,Vulpes vulpes
589,TBEV,Capreolus capreolus
590,TBEV,roe deer
591,TBEV,red fox
592,yellow fever,Robin
593,SLEV,human
594,EEEV,human
595,WNV,human
596,ZIKV,human
597,SINV,redwing
598,Modoc,deer mouse
599,WNV,mice
600,WNV,Mice
601,TBEV,red deer
602,TBEV,red deer
603,WNV,Falco sparverius
604,WNV,American kestrel
605,VRL,Cricetomys gambianus
606,VRL,giant rat
607,TBEV,Cervus elaphus
608,TBEV,red deer
609,TBEV,Vulpes vulpes
610,TBEV,Cervus elaphus
611,TBEV,Vulpes vulpes
612,TBEV,red deer
613, TBEV ,Cervus elaphus
614, TBEV ,red deer
615, TBEV ,Vulpes vulpes
616, TBEV ,Cervus elaphus
617, TBEV ,Vulpes vulpes
618, TBEV ,red deer
619,tick  borne encephalitis virus,Cervus elaphus
620,tick  borne encephalitis virus,red deer
621,tick  borne encephalitis virus,Vulpes vulpes
622,tick  borne encephalitis virus,Cervus elaphus
623,tick  borne encephalitis virus,Vulpes vulpes
624,tick  borne encephalitis virus,red deer
625,tick  borne encephalitis virus,Cervus elaphus
626,tick  borne encephalitis virus,red deer
627,tick  borne encephalitis virus,Vulpes vulpes
628,tick  borne encephalitis virus,Cervus elaphus
629,tick  borne encephalitis virus,Vulpes vulpes
630,tick  borne encephalitis virus,red deer
631,ZIKV,human
632,Japanese encephalitis,human
633, WNV ,human
634,West Nile virus,human
635,USUV,human
636,ZIKV,human
637,WNV,chicken
638,WNV,chicken
639,WNV,chicken
640,WNV,chicken
641,Uganda S virus,mice
642,VRL,mice
643,WNV,Mus spretus
644,WNV,long  tailed field mouse
645,WNV,mouse
646,WNV,Apodemus sylvaticus
647,WNV,western Mediterranean mouse
648,WNV,Apodemus
649, ICR ,mice
650,TBE virus,dog
651, RSSE ,dog
652,RSSE,dog
653,TBEV,M arvalis
654,Japanese encephalitis,human
655,TBEV,MICE
656,TBEV,MICE
657,JEV,human
658,TYUV,monkey
659,Tick  Borne Encephalitis Virus,Microtus arvalis
660,SLEV,horse
661,SLEV,chicken
662,WNV,horse
663,WNV,chicken
664,EEEV,horse
665,EEEV,chicken
666,WNV,human
667,Dakar bat,Xerus erythropus
668,West Nile,Xerus erythropus
669,Semliki Forest,Xerus erythropus
670,Bluetongue,Xerus erythropus
671,Uganda S,Xerus erythropus
672,Lebombo,Xerus erythropus
673,TBEV,M arvalis
674,TBEV,coal tit
675,TBEV,pigeon
676,TBEV,Riparia riparia
677,TBEV,Carduelis carduelis
678,TBEV,willow warbler
679,TBEV,Phylloscopus collybita
680,TBEV,Parus ater
681,TBEV,Mergus merganser
682,TBEV,Columba livia
683,TBEV,Pyrrhula pyrrhula
684,TBEV,waxwing
685,TBEV,shoveler
686,TBEV,Vanellus vanellus
687,TBEV,European pied flycatcher
688,TBEV,Phylloscopus trochilus
689,TBEV,willow tit
690,TBEV,mallard
691,TBEV,starling
692,TBEV,Corvus monedula
693,TBEV,Phylloscopus proregulus
694,TBEV,Ficedula hypoleuca
695,TBEV,teal
696,TBEV,Parus montanus
697,TBEV,Dendrocopos major
698,TBEV,willow warbler
699,TBEV,goldfinch
700,TBEV,Anas platyrhynchos
701,TBEV,Sturnus vulgaris
702,TBEV,Anas crecca
703,WNV,C occidentalis
704,WNV,Crocidura olivieri
705,Chikungunya,Rhesus macaque
706,USUV,Garden Warbler
707,USUV,Nightingale
708,SLEV,human
709,SLEV,Northern mockingbird
710,SLEV,Mimus polyglottos
711,TBE,human
712,TBEV,M arvalis
713,tick  borne encephalitis,Sheep
714,WNV,human
715,USUV,human
716,TBE,human
717,West Nile virus,house sparrow
718,West Nile virus,Passer domesticus
719,SLE,human
720,West Nile,human
721,Sindbis,human
722,TBEV,M arvalis
723,TBEV,M arvalis
724,TBEV,M arvalis
725,WNV,American kestrel
726,Usutu virus,human
727,WNV,Caribbean elaenia
728,WNV,Elaenia martinica
729,WNV,Caribbean elaenia
730,WNV,Elaenia martinica
731,KOU virus,CAT
732,West Nile Virus,CAT
733,GCG,CAT
734,WNV,C modestus
735,WEST NILE VIRUS,C modestus
736,SINV,capercaillie
737,SINV,black grouse
738,USUV,human
739,TBEV,M agrestis
740,TBEV,M glareolus
741,WNV,mouse
742,WNV,mouse
743,USUV,mute swan
744,WNV,mute swan
745,WNV,mute swan
746,USUV,mute swan
747,TBEV,M glareolus
748,TBE,M glareolus
749,TBEV,human
750,TBE,human
751,DEN,human
752,SINV,Erithacus rubecula
753,SINV,robin
754,SINV,Erithacus rubecula
755,SINV,robin
756,KFD,human
757,dengue,human
758,dengue,human
759,LIV,roe deer
760,Dengue,Human
761,Zika Virus,Human
762, ZIKV ,Human
763,Zika virus,Human
764,WNV,human
765,WNV,human
766,West Nile virus,Lobo
767,TBE,red deer
768,TBE,red deer
769,TBE,Cervus elaphus
770,dengue,human
771,tick  borne encephalitis,monkeys
772,TYUV,goat
773,LIV,goat
774,TBEV,goat
775,West Nile virus,mice
776,Tick  borne encephalitis virus,mice
777,KFD,monkey
778,KFD,monkeys
779,KFD,Semnopithecus entellus
780,KFD,Macaca radiata
781,WNV,P montanus
782,WNV,Passer domesticus
783,TBE virus,dog
784,TBE virus,dog
785,TBE virus,horse
786, USUV ,Turdus merula
787,Usutu Virus,Turdus merula
788,Japanese encephalitis virus,Turdus merula
789,Usutu virus,Turdus merula
790,WNV,monkeys
791,WNV,Alouatta caraya
792,WNV,black howler
793,WNV,monkeys
794,WNV,Alouatta caraya
795,WNV,black howler
796,WNV,pig
797,WNV,Talpa romana
798,WNV,Roman mole
799,tick  borne encephalitis,roe deer
800,Tick  borne encephalitis,goat
801,yellow fever virus,monkeys
802,MEAV,mouse
803,WNV,Carrion crow
804,WNV,Magpie
805,WNV,Carrion crow
806,WNV,Carrion crow
807,WNV,Magpie
808,WNV,Carrion crow
809,WNV,Carrion crow
810,WNV,Magpie
811,WNV,Carrion crow
812,WNV,Carrion crow
813,WNV,Magpie
814,WNV,Carrion crow
815,WNV,Carrion crow
816,WNV,Magpie
817,WNV,Carrion crow
818,WNV,Carrion crow
819,WNV,Magpie
820,WNV,Carrion crow
821,WNV,Carrion crow
822,WNV,Magpie
823,WNV,Carrion crow
824,WNV,Carrion crow
825,WNV,Magpie
826,WNV,Carrion crow
827,WNV,Carrion crow
828,WNV,Magpie
829,WNV,Carrion crow
830,WNV,Carrion crow
831,WNV,Magpie
832,WNV,Carrion crow
833,WNV,Carrion crow
834,WNV,Magpie
835,WNV,Carrion crow
836,WNV,Carrion crow
837,WNV,Magpie
838,WNV,Carrion crow
839,WNV,Carrion crow
840,WNV,Magpie
841,WNV,Carrion crow
842,WNV,Carrion crow
843,WNV,Magpie
844,WNV,Carrion crow
845,WNV,Carrion crow
846,WNV,Magpie
847,WNV,Carrion crow
848,WNV,Carrion crow
849,WNV,Magpie
850,WNV,Carrion crow
851,WNV,Carrion crow
852,WNV,Magpie
853,WNV,Carrion crow
854,WNV,Carrion crow
855,WNV,Magpie
856,WNV,Carrion crow
857,WNV,Carrion crow
858,WNV,Magpie
859,WNV,Carrion crow
860,WNV,Carrion crow
861,WNV,Magpie
862,WNV,Carrion crow
863,WNV,Carrion crow
864,WNV,Magpie
865,WNV,Carrion crow
866,WNV,Carrion crow
867,WNV,Magpie
868,WNV,Carrion crow
869,WNV,Carrion crow
870,WNV,Magpie
871,WNV,Carrion crow
872,WNV,Carrion crow
873,WNV,Magpie
874,WNV,Carrion crow
875,WNV,Rufous Hornero
876,WNV,Rufous Hornero
877,WNV,Great Kiskadee
878,WNV,Rufous Hornero
879,WNV,Great Kiskadee
880,SLEV,Rufous Hornero
881,SLEV,Rufous Hornero
882,SLEV,Great Kiskadee
883,SLEV,Rufous Hornero
884,SLEV,Great Kiskadee
885,SLEV,Rufous Hornero
886,SLEV,Rufous Hornero
887,SLEV,Great Kiskadee
888,SLEV,Rufous Hornero
889,SLEV,Great Kiskadee
890,WNV,Rufous Hornero
891,WNV,Rufous Hornero
892,WNV,Great Kiskadee
893,WNV,Rufous Hornero
894,WNV,Great Kiskadee
895,SLEV,Rufous Hornero
896,SLEV,Rufous Hornero
897,SLEV,Great Kiskadee
898,SLEV,Rufous Hornero
899,SLEV,Great Kiskadee
900,WNV,Rufous Hornero
901,WNV,Rufous Hornero
902,WNV,Great Kiskadee
903,WNV,Rufous Hornero
904,WNV,Great Kiskadee
905,SLEV,Rufous Hornero
906,SLEV,Rufous Hornero
907,SLEV,Great Kiskadee
908,SLEV,Rufous Hornero
909,SLEV,Great Kiskadee
910,ZIKV,human
911,SLEV,human
912,West Nile virus,chicken
913,SLEV,Java Sparrow
914,SLEV,Spotted Dove
915,JEV,Java Sparrow
916,JEV,Spotted Dove
917,WNV,Corvus brachyrhynchos
918,WNV,American Crow
919,EEEV,Cyanocitta cristata
920,WNV,Cyanocitta cristata
921,TBEV,mice
922,Dengue Virus,Macaca nemestrina leonina
923,Chikungunya Virus,Macaca nemestrina leonina
924,Dengue,Macaca nemestrina leonina
925,Japanese Encephalitis Virus,Macaca nemestrina leonina
926,CHIK,Macaca nemestrina leonina
927,DENV,Chlorocebus sabaeus
928,DENV,monkey
929,DENV,Papio papio
930,DENV,Guinea baboon
931,DENV,green monkey
932,USUV,chicken
933,USUV,chicken
934,DHF,Human
935,Dengue,Human
936, CHIK ,Human
937,Chikungunya,Human
938,CHIK,Human
939,Japanese Encephalitis,Human
940, DHF ,Human
941,SINV,human
942,SLEV,Rufous Hornero
943,WNV,Rufous Hornero
944,WNV,Rufous Hornero
945,SLEV,Rufous Hornero
946,Usutu virus,Dendrocopos major
947,Usutu virus,Pyrrhula pyrrhula
948,Usutu virus,great spotted woodpecker
949,WNV,human
950,CNS,Human
951,TBEV,Human
952,LIV,goat
953,LIV,pig
954,LIV,dog
955,LIV,hare
956,LIV,cattle
957,LIV,horse
958,West Nile virus,Motacilla flava
959,West Nile virus,Lanius collurio
960,West Nile virus,Phoenicurus phoenicurus
961,West Nile virus,osprey
962,West Nile virus,Ficedula hypoleuca
963,West Nile virus,Haliaeetus albicilla
964,West Nile virus,Erithacus rubecula
965,West Nile virus,Pandion haliaetus
966,West Nile virus,Ciconia ciconia
967,West Nile virus,Sylvia borin
968,WNV,Motacilla flava
969,WNV,Lanius collurio
970,WNV,Phoenicurus phoenicurus
971,WNV,osprey
972,WNV,Ficedula hypoleuca
973,WNV,Haliaeetus albicilla
974,WNV,Erithacus rubecula
975,WNV,Pandion haliaetus
976,WNV,Ciconia ciconia
977,WNV,Sylvia borin
978,WNV,Human
979,TBE,human
980,TBEV,human
981,TBEV,human
982,JEV,human
983,WNV,Oryctolagus cuniculus
984,WNV,rabbits
985,Powassan virus,monkeys
986,WNF,human
987,WNV,Magpie
988,WNV,Magpie
989,WNV,Magpie
990,WNV,Magpie
991,WNV,Magpie
992,WNV,Magpie
993,WNV,Magpie
994,WNV,Magpie
995,WNV,Magpie
996,WNV,Magpie
997,WNV,Magpie
998,WNV,Magpie
999,WNV,Magpie
1000,WNV,Magpie
1001,WNV,Magpie
1002,WNV,Magpie
1003,WNV,Magpie
1004,WNV,Magpie
1005,West Nile virus,Columba livia
1006,VEE,rabbit
1007,VEE,white  footed mouse
1008,VEE,Procyon lotor
1009,VEE,rabbit
1010,VEE,white  footed mouse
1011,VEE,Procyon lotor
1012,Langat,pig
1013,yellow fever,monkeys
1014,yellow fever,Alouatta sp
1015,HIT,human
1016,HIT,human
1017,MEAV,human
1018,MEAV,human
1019,West Nile virus,Ficedula hypoleuca
1020,West Nile virus,Cygnus olor
1021,West Nile virus,Lanius collurio
1022,West Nile virus,Pandion haliaetus
1023,West Nile virus,Milvus migrans
1024,West Nile virus,Phoenicurus phoenicurus
1025,West Nile virus,Accipiter gentilis
1026,West Nile virus,Ciconia ciconia
1027,Tembusu virus,chicken
1028,ILHV,Choloepus hoffmanni
1029,ILHV,Bradypus variegatus
1030,CGLV,Choloepus hoffmanni
1031,CGLV,Bradypus variegatus
1032, YFV ,human
1033, WNV ,human
1034,Japanese encephalitis virus,human
1035,yellow fever virus,human
1036,West Nile virus,human
1037,tick  borne encephalitis virus,human
1038, DENV ,human
1039,Omsk hemorrhagic fever virus,human
1040,dengue virus,human
1041,WNV,Lepus europaeus
1042,TBE,human
1043,TBE,human
1044,TBEV,human
1045,AVAV,pigeon
1046,PIV,pigeon
1047,Langat,dog
1048,Langat,dog
1049,RSSE,dog
1050,RSSE,dog
1051,SLEV,Picui Ground  Dove
1052,SLEV,Eared Dove
1053,SLEV,Great Kiskadee
1054,Bluetongue,cattle
1055,Bluetongue,sheep
1056,RKI,human
1057,tick  borne encephalitis,Macaca radiata
1058,TBE virus,human
1059,Tembusu,drome
1060,Tembusu,duck
1061,BYD,drome
1062,BYD,duck
1063,Squirrel monkey retrovirus,monkey
1064, SMRV ,monkey
1065,WNV,Rufous Hornero
1066,BAGV,Alectoris rufa
1067, BAGV ,Alectoris rufa
1068,Bagaza virus,Alectoris rufa
1069,USUV,blackbird
1070,USUV,Turdus merula
1071,West Nile virus,red  legged partridge
1072,EEE virus,human
1073,EEE,human
1074,WNV,human
1075,USUV,human
1076,Chikungunya virus,human
1077,TBEV,rabbit
1078,TBEV,rabbit
1079,TBEV,goat
1080,TBE,human
1081,TBE,sheep
1082,TBE,mouse
1083,TBE,rhesus monkey
1084,TBE,pig
1085,ILHEUS VIRUS,HUMAN
1086,Louping ill virus,sheep
1087,LIV,sheep
1088,Japanese encephalitis virus,swine
1089,Japanese encephalitis virus,human
1090,EIA,swine
1091,EIA,human
1092,dengue,swine
1093,dengue,human
1094,USUV,human
1095,WNV,cattle
1096,WNV,cattle
1097,WNV,cattle
1098,WNV,human
1099,WNV,cattle
1100,WNV,Fulica atra
1101,WNV,Larus ridibundus
1102,WNV,turtle dove
1103,WNV,common coot
1104,WNV,garganey
1105,WNV,Ciconia ciconia
1106,WNV,white stork
1107,WNV,Vanellus vanellus
1108,WNV,lapwing
1109,WNV,black  headed gull
1110,KFDV,mice
1111,tick  borne encephalitis,chicken
1112,USUTU virus,chicken
1113,West Nile,chicken
1114,VEE,Dipodomys merriami
1115,VEE,striped skunk
1116,VEE,white  tailed deer
1117,VEE,woodrat
1118,TBEV,Chicken
1119,TBEV,Chicken
1120,TBEV,Chicken
1121,TBEV,Chicken
1122,TBEV,Chicken
1123,TBEV,Chicken
1124,TBEV,Chicken
1125,TBEV,Chicken
1126,TBEV,Chicken
1127,TBEV,Chicken
1128,TBEV,Chicken
1129,TBEV,Chicken
1130,TBEV,Chicken
1131,TBEV,Chicken
1132,TBEV,Chicken
1133,TBEV,Chicken
1134,TBEV,Chicken
1135,TBEV,Chicken
1136,TBEV,Chicken
1137,TBEV,Chicken
1138,West Nile virus,Chicken
1139,West Nile virus,Chicken
1140,West Nile virus,Chicken
1141,West Nile virus,Chicken
1142,West Nile virus,Chicken
1143,West Nile virus,Chicken
1144,West Nile virus,Chicken
1145,West Nile virus,Chicken
1146,West Nile virus,Chicken
1147,West Nile virus,Chicken
1148,West Nile virus,Chicken
1149,West Nile virus,Chicken
1150,West Nile virus,Chicken
1151,West Nile virus,Chicken
1152,West Nile virus,Chicken
1153,West Nile virus,Chicken
1154,West Nile virus,Chicken
1155,West Nile virus,Chicken
1156,West Nile virus,Chicken
1157,West Nile virus,Chicken
1158,TBEV,Chicken
1159,TBEV,Chicken
1160,TBEV,Chicken
1161,TBEV,Chicken
1162,TBEV,Chicken
1163,TBEV,Chicken
1164,TBEV,Chicken
1165,TBEV,Chicken
1166,TBEV,Chicken
1167,TBEV,Chicken
1168,TBEV,Chicken
1169,TBEV,Chicken
1170,TBEV,Chicken
1171,TBEV,Chicken
1172,TBEV,Chicken
1173,TBEV,Chicken
1174,TBEV,Chicken
1175,TBEV,Chicken
1176,TBEV,Chicken
1177,TBEV,Chicken
1178,WNV,Chicken
1179,WNV,Chicken
1180,WNV,Chicken
1181,WNV,Chicken
1182,WNV,Chicken
1183,WNV,Chicken
1184,WNV,Chicken
1185,WNV,Chicken
1186,WNV,Chicken
1187,WNV,Chicken
1188,WNV,Chicken
1189,WNV,Chicken
1190,WNV,Chicken
1191,WNV,Chicken
1192,WNV,Chicken
1193,WNV,Chicken
1194,WNV,Chicken
1195,WNV,Chicken
1196,WNV,Chicken
1197,WNV,Chicken
1198,USUV,Chicken
1199,USUV,Chicken
1200,USUV,Chicken
1201,USUV,Chicken
1202,USUV,Chicken
1203,USUV,Chicken
1204,USUV,Chicken
1205,USUV,Chicken
1206,USUV,Chicken
1207,USUV,Chicken
1208,USUV,Chicken
1209,USUV,Chicken
1210,USUV,Chicken
1211,USUV,Chicken
1212,USUV,Chicken
1213,USUV,Chicken
1214,USUV,Chicken
1215,USUV,Chicken
1216,USUV,Chicken
1217,USUV,Chicken
1218,WNV,Chicken
1219,WNV,Chicken
1220,WNV,Chicken
1221,WNV,Chicken
1222,WNV,Chicken
1223,WNV,Chicken
1224,WNV,Chicken
1225,WNV,Chicken
1226,WNV,Chicken
1227,WNV,Chicken
1228,WNV,Chicken
1229,WNV,Chicken
1230,WNV,Chicken
1231,WNV,Chicken
1232,WNV,Chicken
1233,WNV,Chicken
1234,WNV,Chicken
1235,WNV,Chicken
1236,WNV,Chicken
1237,WNV,Chicken
1238,USUV,Chicken
1239,USUV,Chicken
1240,USUV,Chicken
1241,USUV,Chicken
1242,USUV,Chicken
1243,USUV,Chicken
1244,USUV,Chicken
1245,USUV,Chicken
1246,USUV,Chicken
1247,USUV,Chicken
1248,USUV,Chicken
1249,USUV,Chicken
1250,USUV,Chicken
1251,USUV,Chicken
1252,USUV,Chicken
1253,USUV,Chicken
1254,USUV,Chicken
1255,USUV,Chicken
1256,USUV,Chicken
1257,USUV,Chicken
1258,TBEV,Chicken
1259,TBEV,Chicken
1260,TBEV,Chicken
1261,TBEV,Chicken
1262,TBEV,Chicken
1263,TBEV,Chicken
1264,TBEV,Chicken
1265,TBEV,Chicken
1266,TBEV,Chicken
1267,TBEV,Chicken
1268,TBEV,Chicken
1269,TBEV,Chicken
1270,TBEV,Chicken
1271,TBEV,Chicken
1272,TBEV,Chicken
1273,TBEV,Chicken
1274,TBEV,Chicken
1275,TBEV,Chicken
1276,TBEV,Chicken
1277,TBEV,Chicken
1278,USUTU virus,Chicken
1279,USUTU virus,Chicken
1280,USUTU virus,Chicken
1281,USUTU virus,Chicken
1282,USUTU virus,Chicken
1283,USUTU virus,Chicken
1284,USUTU virus,Chicken
1285,USUTU virus,Chicken
1286,USUTU virus,Chicken
1287,USUTU virus,Chicken
1288,USUTU virus,Chicken
1289,USUTU virus,Chicken
1290,USUTU virus,Chicken
1291,USUTU virus,Chicken
1292,USUTU virus,Chicken
1293,USUTU virus,Chicken
1294,USUTU virus,Chicken
1295,USUTU virus,Chicken
1296,USUTU virus,Chicken
1297,USUTU virus,Chicken
1298,USUV,Chicken
1299,USUV,Chicken
1300,USUV,Chicken
1301,USUV,Chicken
1302,USUV,Chicken
1303,USUV,Chicken
1304,USUV,Chicken
1305,USUV,Chicken
1306,USUV,Chicken
1307,USUV,Chicken
1308,USUV,Chicken
1309,USUV,Chicken
1310,USUV,Chicken
1311,USUV,Chicken
1312,USUV,Chicken
1313,USUV,Chicken
1314,USUV,Chicken
1315,USUV,Chicken
1316,USUV,Chicken
1317,USUV,Chicken
1318,TBEV,Chicken
1319,TBEV,Chicken
1320,TBEV,Chicken
1321,TBEV,Chicken
1322,TBEV,Chicken
1323,TBEV,Chicken
1324,TBEV,Chicken
1325,TBEV,Chicken
1326,TBEV,Chicken
1327,TBEV,Chicken
1328,TBEV,Chicken
1329,TBEV,Chicken
1330,TBEV,Chicken
1331,TBEV,Chicken
1332,TBEV,Chicken
1333,TBEV,Chicken
1334,TBEV,Chicken
1335,TBEV,Chicken
1336,TBEV,Chicken
1337,TBEV,Chicken
1338,TBEV,Chicken
1339,TBEV,Chicken
1340,TBEV,Chicken
1341,TBEV,Chicken
1342,TBEV,Chicken
1343,TBEV,Chicken
1344,TBEV,Chicken
1345,TBEV,Chicken
1346,TBEV,Chicken
1347,TBEV,Chicken
1348,TBEV,Chicken
1349,TBEV,Chicken
1350,TBEV,Chicken
1351,TBEV,Chicken
1352,TBEV,Chicken
1353,TBEV,Chicken
1354,TBEV,Chicken
1355,TBEV,Chicken
1356,TBEV,Chicken
1357,TBEV,Chicken
1358,tick  borne encephalitis virus,Chicken
1359,tick  borne encephalitis virus,Chicken
1360,tick  borne encephalitis virus,Chicken
1361,tick  borne encephalitis virus,Chicken
1362,tick  borne encephalitis virus,Chicken
1363,tick  borne encephalitis virus,Chicken
1364,tick  borne encephalitis virus,Chicken
1365,tick  borne encephalitis virus,Chicken
1366,tick  borne encephalitis virus,Chicken
1367,tick  borne encephalitis virus,Chicken
1368,tick  borne encephalitis virus,Chicken
1369,tick  borne encephalitis virus,Chicken
1370,tick  borne encephalitis virus,Chicken
1371,tick  borne encephalitis virus,Chicken
1372,tick  borne encephalitis virus,Chicken
1373,tick  borne encephalitis virus,Chicken
1374,tick  borne encephalitis virus,Chicken
1375,tick  borne encephalitis virus,Chicken
1376,tick  borne encephalitis virus,Chicken
1377,tick  borne encephalitis virus,Chicken
1378,WNV,Chicken
1379,WNV,Chicken
1380,WNV,Chicken
1381,WNV,Chicken
1382,WNV,Chicken
1383,WNV,Chicken
1384,WNV,Chicken
1385,WNV,Chicken
1386,WNV,Chicken
1387,WNV,Chicken
1388,WNV,Chicken
1389,WNV,Chicken
1390,WNV,Chicken
1391,WNV,Chicken
1392,WNV,Chicken
1393,WNV,Chicken
1394,WNV,Chicken
1395,WNV,Chicken
1396,WNV,Chicken
1397,WNV,Chicken
1398,TBEV,Chicken
1399,TBEV,Chicken
1400,TBEV,Chicken
1401,TBEV,Chicken
1402,TBEV,Chicken
1403,TBEV,Chicken
1404,TBEV,Chicken
1405,TBEV,Chicken
1406,TBEV,Chicken
1407,TBEV,Chicken
1408,TBEV,Chicken
1409,TBEV,Chicken
1410,TBEV,Chicken
1411,TBEV,Chicken
1412,TBEV,Chicken
1413,TBEV,Chicken
1414,TBEV,Chicken
1415,TBEV,Chicken
1416,TBEV,Chicken
1417,TBEV,Chicken
1418,WNV,Chicken
1419,WNV,Chicken
1420,WNV,Chicken
1421,WNV,Chicken
1422,WNV,Chicken
1423,WNV,Chicken
1424,WNV,Chicken
1425,WNV,Chicken
1426,WNV,Chicken
1427,WNV,Chicken
1428,WNV,Chicken
1429,WNV,Chicken
1430,WNV,Chicken
1431,WNV,Chicken
1432,WNV,Chicken
1433,WNV,Chicken
1434,WNV,Chicken
1435,WNV,Chicken
1436,WNV,Chicken
1437,WNV,Chicken
1438,USUV,Chicken
1439,USUV,Chicken
1440,USUV,Chicken
1441,USUV,Chicken
1442,USUV,Chicken
1443,USUV,Chicken
1444,USUV,Chicken
1445,USUV,Chicken
1446,USUV,Chicken
1447,USUV,Chicken
1448,USUV,Chicken
1449,USUV,Chicken
1450,USUV,Chicken
1451,USUV,Chicken
1452,USUV,Chicken
1453,USUV,Chicken
1454,USUV,Chicken
1455,USUV,Chicken
1456,USUV,Chicken
1457,USUV,Chicken
1458,WNV,Chicken
1459,WNV,Chicken
1460,WNV,Chicken
1461,WNV,Chicken
1462,WNV,Chicken
1463,WNV,Chicken
1464,WNV,Chicken
1465,WNV,Chicken
1466,WNV,Chicken
1467,WNV,Chicken
1468,WNV,Chicken
1469,WNV,Chicken
1470,WNV,Chicken
1471,WNV,Chicken
1472,WNV,Chicken
1473,WNV,Chicken
1474,WNV,Chicken
1475,WNV,Chicken
1476,WNV,Chicken
1477,WNV,Chicken
1478,USUV,Chicken
1479,USUV,Chicken
1480,USUV,Chicken
1481,USUV,Chicken
1482,USUV,Chicken
1483,USUV,Chicken
1484,USUV,Chicken
1485,USUV,Chicken
1486,USUV,Chicken
1487,USUV,Chicken
1488,USUV,Chicken
1489,USUV,Chicken
1490,USUV,Chicken
1491,USUV,Chicken
1492,USUV,Chicken
1493,USUV,Chicken
1494,USUV,Chicken
1495,USUV,Chicken
1496,USUV,Chicken
1497,USUV,Chicken
1498,WNV,Chicken
1499,WNV,Chicken
1500,WNV,Chicken
1501,WNV,Chicken
1502,WNV,Chicken
1503,WNV,Chicken
1504,WNV,Chicken
1505,WNV,Chicken
1506,WNV,Chicken
1507,WNV,Chicken
1508,WNV,Chicken
1509,WNV,Chicken
1510,WNV,Chicken
1511,WNV,Chicken
1512,WNV,Chicken
1513,WNV,Chicken
1514,WNV,Chicken
1515,WNV,Chicken
1516,WNV,Chicken
1517,WNV,Chicken
1518,USUV,Chicken
1519,USUV,Chicken
1520,USUV,Chicken
1521,USUV,Chicken
1522,USUV,Chicken
1523,USUV,Chicken
1524,USUV,Chicken
1525,USUV,Chicken
1526,USUV,Chicken
1527,USUV,Chicken
1528,USUV,Chicken
1529,USUV,Chicken
1530,USUV,Chicken
1531,USUV,Chicken
1532,USUV,Chicken
1533,USUV,Chicken
1534,USUV,Chicken
1535,USUV,Chicken
1536,USUV,Chicken
1537,USUV,Chicken
1538,DENV,human
1539,dengue,human
1540,DEN,human
1541,West Nile virus,Falco sparverius
1542,WNV,rabbits
1543,WNV,rabbit
1544,WNV,hare
1545,WNV,rabbits
1546,WNV,rabbit
1547,WNV,hare
1548,Mayaro,Passer domesticus
1549,Mayaro,Coryphistera alaudina
1550,Mayaro,Guira guira
1551,Mayaro,Zonotrichia capensis
1552,Mayaro,Chloroceryle americana
1553,Mayaro,Pseudoseisura lophotes
1554,Mayaro,Machetornis rixosa
1555,Pixuna,Passer domesticus
1556,Pixuna,Coryphistera alaudina
1557,Pixuna,Guira guira
1558,Pixuna,Zonotrichia capensis
1559,Pixuna,Chloroceryle americana
1560,Pixuna,Pseudoseisura lophotes
1561,Pixuna,Machetornis rixosa
1562,TBEV,mice
1563,TBEV,mice
1564,TBEV,M musculus
1565,West Nile virus,Megascops asio
1566,TBEV,redwing
1567,TBEV,fieldfare
1568,TBEV,Eurasian tree sparrow
1569,TBEV,tree pipit
1570,TBEV,redwing
1571,TBEV,fieldfare
1572,TBEV,tree pipit
1573,tick  borne encephalitis,sheep
1574,TBE virus,sheep
1575, TBE ,sheep
1576,JEV,human
1577,BAGV,human
1578,KFD virus,human
1579, KFDV ,human
1580,BAGV,partridge
1581,BAGV,partridge
1582,TCID,partridge
1583,TCID,partridge
1584,TCID,partridge
1585,Murray Valley encephalitis virus,horse
1586,Murray Valley encephalitis virus,human
1587,MVEV,horse
1588,MVEV,human
1589,Murray Valley encephalitis virus,horse
1590,Murray Valley encephalitis virus,human
1591,TBE,monkey
1592,TBE,monkeys
1593,TBE,monkey
1594,TBE,Macaca sylvanus
1595,TBEV,monkey
1596,TBEV,monkeys
1597,TBEV,monkey
1598,TBEV,Macaca sylvanus
1599,TBE,monkey
1600,TBE,monkeys
1601,TBE,monkey
1602,TBE,Macaca sylvanus
1603,Ntaya virus,turkey
1604,Bagaza virus,turkey
1605,Tembusu virus,turkey
1606,Ilheus virus,turkey
1607,tick  borne encephalitis,human
1608,TBE virus,Apodemus
1609,TBE,Apodemus
1610,TBE,Apodemus
1611,TBE virus,Apodemus
1612,West Nile,Human
1613,TBEV,cattle
1614,EYAV,sheep
1615,BHAV,sheep
1616,TRBV,sheep
1617,TBEV,mice
1618,MYKV,Sheep
1619,TDMV,Sheep
1620,THOV,Sheep
1621,BAUV,Sheep
1622,DHOV,Sheep
1623,CWV,Sheep
1624,OKHV,Sheep
1625,WNV,Crowned Eagle
1626,Pixuna,M bonariensis
1627,DENV,human
1628,Chikungunya,human
1629,Japanese encephalitis,human
1630,Dengue,human
1631,JEV,human
1632,TBE,human
1633,Kyasanur Forest disease virus,Macaca radiata
1634,TBEV,M arvalis
1635,Chikungunya virus,Macaca nemestrina
1636,Chikungunya virus,Monkey
1637,Chikungunya virus,Macaca nemestrina
1638,Chikungunya virus,monkey
1639,Chikungunya Virus,Macaca nemestrina
1640,Chikungunya Virus,Monkey
1641,Chikungunya Virus,Macaca nemestrina
1642,Chikungunya Virus,monkey
1643,Japanese Encephalitis,Macaca nemestrina
1644,Japanese Encephalitis,Monkey
1645,Japanese Encephalitis,Macaca nemestrina
1646,Japanese Encephalitis,monkey
1647,Dengue,Macaca nemestrina
1648,Dengue,Monkey
1649,Dengue,Macaca nemestrina
1650,Dengue,monkey
1651,Japanese encephalitis,Macaca nemestrina
1652,Japanese encephalitis,Monkey
1653,Japanese encephalitis,Macaca nemestrina
1654,Japanese encephalitis,monkey
1655,Dengue,Macaca nemestrina
1656,Dengue,Monkey
1657,Dengue,Macaca nemestrina
1658,Dengue,monkey
1659,TBEV,M glareolus
1660,TBEV,A flavicollis
1661,West Nile virus,human
1662,Zika Virus,monkey
1663,Zika,monkey
1664,ZIKV,monkey
1665,WEEV,horse
1666,ZIKV,monkey
1667,INIA,INIA
1668,WNV,Lepus californicus
1669,WNV,black  tailed jackrabbit
1670,KFDV,Rattus rattus
1671,KFDV,northern palm squirrel
1672,KFDV,Golunda ellioti
1673,KFDV,Chalcophaps indica
1674,KFDV,Mus booduga
1675,KFDV,Lepus nigricollis
1676,KFDV,Rattus rattus
1677,KFDV,Eonycteris spelaea
1678,KFDV,mouse
1679,KFDV,black  naped hare
1680,KFDV,Vandeleuria oleracea
1681,KFDV,Indian gerbil
1682,KFDV,Suncus murinus
1683,KFDV,Treron pompadora
1684,KFDV,Mus platythrix
1685,KFDV,petaurista philippensis
1686,KFDV,Hipposideros lankadiva
1687,KFDV,Cynopterus sphinx
1688,KFDV,Hipposideros speoris
1689,KFDV,Petaurista petaurista
1690,KFDV,Rattus rattus
1691,KFDV,northern palm squirrel
1692,KFDV,Golunda ellioti
1693,KFDV,Chalcophaps indica
1694,KFDV,Mus booduga
1695,KFDV,Lepus nigricollis
1696,KFDV,Rattus rattus
1697,KFDV,Eonycteris spelaea
1698,KFDV,mouse
1699,KFDV,black  naped hare
1700,KFDV,Vandeleuria oleracea
1701,KFDV,Indian gerbil
1702,KFDV,Suncus murinus
1703,KFDV,Treron pompadora
1704,KFDV,Mus platythrix
1705,KFDV,petaurista philippensis
1706,KFDV,Hipposideros lankadiva
1707,KFDV,Cynopterus sphinx
1708,KFDV,Hipposideros speoris
1709,KFDV,Petaurista petaurista
1710, TBE ,human
1711,Tick  borne encephalitis,human
1712,Japanese encephalitis,human
1713,NKV,mice
1714,Semliki Forest virus,hog
1715,WNV,Common Buzzard
1716,WNV,Common Kestrel
1717,WNV,Buteo buteo
1718,WNV,Northern Goshawk
1719,WNV,Pigeon
1720,WNV,Falco tinnunculus
1721,WNV,Eurasian Coot
1722,WNV,Common Wood Pigeon
1723,WNV,Western Marsh Harrier
1724,WNV,Common Pigeon
1725,WNV,Accipiter nisus
1726,WNV,Accipiter gentilis
1727,WNV,Fulica atra
1728,WNV,Osprey
1729,WNV,White Stork
1730,WNV,Grey Heron
1731,WNV,Mute Swan
1732,WNV,Columba livia
1733,WNV,Columba palumbus
1734,WNV,Circus aeruginosus
1735,WNV,Pandion haliaetus
1736,WNV,Cygnus olor
1737,WNV,Ardea cinerea
1738,WNV,Ciconia ciconia
1739,USUV,Common Buzzard
1740,USUV,Common Kestrel
1741,USUV,Buteo buteo
1742,USUV,Northern Goshawk
1743,USUV,Pigeon
1744,USUV,Falco tinnunculus
1745,USUV,Eurasian Coot
1746,USUV,Common Wood Pigeon
1747,USUV,Western Marsh Harrier
1748,USUV,Common Pigeon
1749,USUV,Accipiter nisus
1750,USUV,Accipiter gentilis
1751,USUV,Fulica atra
1752,USUV,Osprey
1753,USUV,White Stork
1754,USUV,Grey Heron
1755,USUV,Mute Swan
1756,USUV,Columba livia
1757,USUV,Columba palumbus
1758,USUV,Circus aeruginosus
1759,USUV,Pandion haliaetus
1760,USUV,Cygnus olor
1761,USUV,Ardea cinerea
1762,USUV,Ciconia ciconia
1763,TBEV,red deer
1764,TBEV,red deer
1765,USUV,Great tit
1766,USUV,House martin
1767,USUV,Carrion crow
1768,USUV,Blackcap
1769,USUV,Jackdaw
1770,USUV,Kestrel
1771,USUV,Lesser whitethroat
1772,USUV,Jay
1773,USUV,Chicken
1774,USUV,Garden warbler
1775,USUV,Dunnock
1776,USUV,Linnet
1777,USUV,Blackbird
1778,USUV,Duck
1779,USUV,Green woodpecker
1780,USUV,Chaffinch
1781,SINV,Great tit
1782,SINV,House martin
1783,SINV,Carrion crow
1784,SINV,Blackcap
1785,SINV,Jackdaw
1786,SINV,Kestrel
1787,SINV,Lesser whitethroat
1788,SINV,Jay
1789,SINV,Chicken
1790,SINV,Garden warbler
1791,SINV,Dunnock
1792,SINV,Linnet
1793,SINV,Blackbird
1794,SINV,Duck
1795,SINV,Green woodpecker
1796,SINV,Chaffinch
1797,LIV,Great tit
1798,LIV,House martin
1799,LIV,Carrion crow
1800,LIV,Blackcap
1801,LIV,Jackdaw
1802,LIV,Kestrel
1803,LIV,Lesser whitethroat
1804,LIV,Jay
1805,LIV,Chicken
1806,LIV,Garden warbler
1807,LIV,Dunnock
1808,LIV,Linnet
1809,LIV,Blackbird
1810,LIV,Duck
1811,LIV,Green woodpecker
1812,LIV,Chaffinch
1813,ASFV,Pig
1814,ASFV,mouse
1815,WNV,horse
1816,WNV,human
1817,Kyasanur Forest disease,human
1818,West Nile virus,Spanish imperial eagle
1819,JEV,human
1820,TBEV,red deer
1821,TBEV,red deer
1822, SLE ,mice
1823, SLE ,mouse
1824,bluetongue virus,sheep
1825,West Nile virus,human
1826,USUV,house sparrow
1827,Tick  Borne Encephalitis Virus,Microtus agrestis
1828,Tick  Borne Encephalitis Virus,bank vole
1829,Tick  Borne Encephalitis Virus,Myodes glareolus
1830,Tick  Borne Encephalitis Virus,long  tailed field mouse
1831,Tick  Borne Encephalitis Virus,Apodemus agrarius
1832,Tick  Borne Encephalitis Virus,mouse
1833,Tick  Borne Encephalitis Virus,wood mouse
1834,Tick  Borne Encephalitis Virus,common vole
1835,Tick  Borne Encephalitis Virus,Apodemus flavicollis
1836,Tick  Borne Encephalitis Virus,striped field mouse
1837,Tick  Borne Encephalitis Virus,Microtus arvalis
1838,Tick  Borne Encephalitis Virus,Mus musculus
1839,Tick  Borne Encephalitis Virus,house mouse
1840,Tick  Borne Encephalitis Virus,Apodemus sylvaticus
1841,Tick  Borne Encephalitis Virus,field vole
1842,West Nile virus,white  tailed deer
1843,West Nile virus,Odocoileus virginianus
1844,West Nile virus,Tadarida pumila
1845,West Nile virus,Tadarida condylura
1846,WNV,white  tailed deer
1847,WNV,Odocoileus virginianus
1848,WNV,Tadarida pumila
1849,WNV,Tadarida condylura
1850,ZIKV,human
1851,ZIKV,human
1852,TBEV,M arvalis
1853,yellow fever,monkeys
1854,yellow fever,monkeys
1855,Zika,monkeys
1856,Zika,monkeys
1857,yellow fever virus,monkeys
1858,yellow fever virus,monkeys
1859,tick  borne encephalitis,roe deer
1860,Una virus,mice
1861,WNV,goat
1862,WNV,rabbit
1863,WNV,Spotted flycatcher
1864,WNV,Saxicola rubetra
1865,WNV,Whinchat
1866,WNV,rabbit
1867,KEDV,human
1868, WNV ,mouse
1869, ABC ,mouse
1870,ZIKV,human
1871,ZIKV,human
1872,yellow fever virus,little free  tailed bat
1873,yellow fever virus,Chaerephon pumilus
1874,Entebbe bat virus,little free  tailed bat
1875,Entebbe bat virus,Chaerephon pumilus
1876,ENTV,little free  tailed bat
1877,ENTV,Chaerephon pumilus
1878,TBEV,Sheep
1879,TBEV,monkey
1880,Murray Valley encephalitis virus,horse
1881,WNV,Pandion haliaetus
1882,WNV,osprey
1883,WNV,horse
1884,WNV,human
1885,TBEV,mice
1886,TBEV,mice
1887,Ntaya virus,turkey
1888,Tembusu virus,turkey
1889,Bagaza virus,turkey
1890,Tembusu virus,turkey
1891,Tembusu virus,turkey
1892,Japanese encephalitis virus,human
1893, JEV ,human
1894,Murray Valley encephalitis virus,human
1895, WNV ,human
1896,Saint Louis encephalitis virus,human
1897,West Nile virus,human
1898,JEV,human
1899,West Nile virus,Sciurus niger
1900,SLEV,Crowned Eagle
1901,WNV,European ground squirrel
1902,WNV,Spermophilus citellus
1903,WNV,European ground squirrel
1904,WNV,Spermophilus citellus
1905,DENV,human
1906,West Nile Virus,Caracara cheriway
1907,LI virus,sheep
1908,LI virus,sheep
1909,Japanese encephalitis virus,swine
1910, BAHV ,Puffin
1911, BAHV ,swine
1912,African swine fever virus,Puffin
1913,African swine fever virus,swine
1914, PTVV ,Puffin
1915, PTVV ,swine
1916,Tyuleniy,Puffin
1917,Tyuleniy,swine
1918, MYKV ,Puffin
1919, MYKV ,swine
1920, SAHV ,Puffin
1921, SAHV ,swine
1922, AVAV ,Puffin
1923, AVAV ,swine
1924, TYUV ,Puffin
1925, TYUV ,swine
1926, MTRV ,Puffin
1927, MTRV ,swine
1928, TRBV ,Puffin
1929, TRBV ,swine
1930,THOV,Puffin
1931,THOV,swine
1932,ASFV,Puffin
1933,ASFV,swine
1934, UUKV ,Puffin
1935, UUKV ,swine
1936, TDMV ,Puffin
1937, TDMV ,swine
1938, CMV ,Puffin
1939, CMV ,swine
1940,Meaban,Puffin
1941,Meaban,swine
1942, BHAV ,Puffin
1943, BHAV ,swine
1944,DHOV,Puffin
1945,DHOV,swine
1946, MEAV ,Puffin
1947, MEAV ,swine
1948, OKHV ,Puffin
1949, OKHV ,swine
1950, SOLV ,Puffin
1951, SOLV ,swine
1952, TBEV ,Puffin
1953, TBEV ,swine
1954, ZTV ,Puffin
1955, ZTV ,swine
1956, BAUV ,Puffin
1957, BAUV ,swine
1958,Eyach,Puffin
1959,Eyach,swine
1960, GAV ,Puffin
1961, GAV ,swine
1962, EYAV ,Puffin
1963, EYAV ,swine
1964, CWV ,Puffin
1965, CWV ,swine
1966, PIV ,Puffin
1967, PIV ,swine
1968, LIV ,Puffin
1969, LIV ,swine
1970,dengue,human
1971,JEV,mice
1972,Japanese encephalitis,human
1973,WNV,mice
1974,KFDV,human
1975,KFD,human
1976,West Nile virus,Gallus gallus domesticus
1977,MVEV,mouse
1978,TBEV,A agrarius
1979,TBEV,A agrarius
1980,ZIKV,monkeys
1981,LIV,human
1982,WNV,turkey
1983,WNV,robin
1984,LIV,turkey
1985,LIV,robin
1986,WNV,turkey
1987,WNV,robin
1988,MVEV,human
1989,USUV,Turdus merula
1990,USUV,Strix nebulosa
1991,Langat virus,dog
1992, WNV ,great grey owl
1993, WNV ,Strix nebulosa
1994, WNV ,Aegolius funereus
1995,West Nile virus,great grey owl
1996,West Nile virus,Strix nebulosa
1997,West Nile virus,Aegolius funereus
1998,USUV,great grey owl
1999,USUV,Strix nebulosa
2000,USUV,Aegolius funereus
2001,USUV,great grey owl
2002,USUV,Strix nebulosa
2003,USUV,Aegolius funereus
2004,ZIKV,mice
2005,ZIKV,monkeys
2006,Tembusu virus,Duck
2007,Tembusu virus,Duck
2008,Tembusu virus,Duck
2009, CEEV ,sheep
2010, CEEV ,goat
2011, CEEV ,sheep
2012,CEEV,sheep
2013,CEEV,goat
2014,CEEV,sheep
2015, TSE ,sheep
2016, TSE ,goat
2017, TSE ,sheep
2018,louping ill virus,sheep
2019,louping ill virus,goat
2020,louping ill virus,sheep
2021,TBEV,sheep
2022,TBEV,goat
2023,TBEV,sheep
2024, TBEV ,sheep
2025, TBEV ,goat
2026, TBEV ,sheep
2027,tick  borne encephalitis,sheep
2028,tick  borne encephalitis,goat
2029,tick  borne encephalitis,sheep
2030,TBEV,sheep
2031,TBEV,goat
2032,TBEV,sheep
2033,TBEV,sheep
2034,TBEV,goat
2035,TBEV,sheep
2036, SSE ,sheep
2037, SSE ,goat
2038, SSE ,sheep
2039,TBE,human
2040,TBEV,human
2041,TBEV,human
2042,TBE,human
2043,JEV,human
2044,JEV,human
2045,DENV,Macaca fascicularis
2046,JEV,Macaca fascicularis
2047, EEEV ,Caracara cheriway
2048, SLEV ,Caracara cheriway
2049,West Nile virus,Caracara cheriway
2050,eastern equine encephalitis virus,Caracara cheriway
2051, WNV ,Caracara cheriway
2052,JEV,human
2053,WNV,human
2054,WNV,horse
2055,TBE virus,human
2056,dengue virus,Macaca sinica
2057,TBEV,human
2058,West Nile Virus,Caracara cheriway
2059,eastern equine encephalitis virus,Caracara cheriway
2060, WNV ,Caracara cheriway
2061, EEEV ,Caracara cheriway
2062,West Nile virus,Caracara cheriway
2063, SLEV ,Caracara cheriway
2064,TBE virus,dog
2065,TBE virus,horse
2066,TBE virus,red fox
2067,TBE virus,red deer
2068,TBE virus,Cervus elaphus
2069,TBE virus,Vulpes vulpes
2070,TBE virus,red fox
2071,TBE virus,red deer
2072,TBE virus,Cervus elaphus
2073,TBE virus,Vulpes vulpes
2074,WNV,C modestus
2075,WNV,human
2076,JEV,human
2077, TBEV ,sheep
2078, TBEV ,SHEEP
2079,TICK  BORNE ENCEPHALITIS VIRUS,sheep
2080,TICK  BORNE ENCEPHALITIS VIRUS,SHEEP
2081, TBEV ,sheep
2082, TBEV ,SHEEP
2083,TBEV,A pallipes
2084,TBEV,mice
2085,TBEV,A pallipes
2086,TBEV,mice
2087,West Nile virus,Nankeen night heron
2088,West Nile virus,horse
2089,MVEV,Nankeen night heron
2090,MVEV,horse
2091,MVEV,Nankeen night heron
2092,MVEV,horse
2093, WNV ,Nankeen night heron
2094, WNV ,horse
2095,Japanese encephalitis,Nankeen night heron
2096,Japanese encephalitis,horse
2097,Usutu virus,Dendrocopos major
2098,Usutu virus,great spotted woodpecker
2099,Usutu virus,Pyrrhula pyrrhula
2100,Usutu virus,Dendrocopos major
2101,Usutu virus,great spotted woodpecker
2102,Usutu virus,Pyrrhula pyrrhula
2103,Usutu virus,Dendrocopos major
2104,Usutu virus,great spotted woodpecker
2105,Usutu virus,Pyrrhula pyrrhula
2106,Usutu virus,Dendrocopos major
2107,Usutu virus,great spotted woodpecker
2108,Usutu virus,Pyrrhula pyrrhula
2109,SINV,magpie
2110,SINV,blackbird
2111,SINV,Pica pica
2112,SINV,carrion crow
2113,SINV,Corvus corone
2114,KFDV,monkey
2115,yellow fever,monkeys
2116,dengue,monkeys
2117,KFDV,M radiata
2118,KFDV,M radiata
2119,KFDV,monkeys
2120,SLE,human
2121,yellow fever,human
2122,Louping Ill,sheep
2123,louping ill,sheep
2124,tick  borne encephalitis virus,human
2125,WNV,human
2126,Japanese encephalitis virus,human
2127,JEV,human
2128,West Nile virus,human
2129, WNF ,human
2130, WNF ,human
2131,WNF,human
2132,WNF,human
2133,West Nile,human
2134,West Nile,human
2135,WNV,greater Egyptian gerbil
2136,WNV,Microtus guentheri
2137,WNV,Myodes glareolus
2138,WNV,Tatera indica
2139,WNV,bank vole
2140,WNV,Indian gerbil
2141,WNV,bushy  tailed jird
2142,WNV,Gerbillus pyramidum
2143,WNV,Indian desert jird
2144,WNV,Sekeetamys calurus
2145,WNV,Microtus arvalis
2146,WNV,common vole
2147,WNV,Meriones hurrianae
2148,MVE,human
2149,MVE,human
2150,TBEV,Apodemus sylvaticus
2151,TBEV,Microtus agrestis
2152,TBEV,Apodemus agrarius
2153,TBEV,Microtus arvalis
2154,TBEV,Apodemus flavicollis
2155,TBEV,Myodes glareolus
2156,WNV,white stork
2157,Tick  borne encephalitis,drome
2158,USUV,human
2159,JEV,pig
2160,ZIKV,human
2161,ZIKV,human
2162,CHIK,human
2163,CHIK,monkeys
2164,CHIK,human
2165,CHIK,monkeys
2166,KFDV,monkeys
2167,WNV,Ursus americanus
2168,WNV,American black bear
2169,West Nile,cattle
2170,West Nile,cattle
2171,Langat,cattle
2172,Langat,cattle
2173,HIT,mice
2174,HIT,pig
2175,VNT,mice
2176,VNT,pig
2177,CSF,mice
2178,CSF,pig
2179,Tick  borne encephalitis virus,sheep
2180,TBE virus,sheep
2181,SLEV,Crowned Eagle
2182,WNV,gundi
2183,WNV,gundi
2184,Powassan virus,Peromyscus leucopus
2185,Powassan virus,mouse
2186,WNV,human
2187,USUV,chicken
2188,WNV,brown bear
2189,WNV,Ursus arctos
2190,louping ill,goat
2191, TBEV ,Apodemus agrarius
2192,Tick  Borne Encephalitis,Apodemus agrarius
2193,tick  borne encephalitis virus,Apodemus agrarius
2194,Tick  Borne Encephalitis,Apodemus agrarius
2195,Tick  borne encephalitis virus,mice
2196,ENTV,little free  tailed bat
2197,USUV,human
2198,USUV,human
2199,West Nile virus,human
2200,West Nile virus,human
2201,USUV,human
2202,USUV,human
2203,Japanese encephalitis virus,human
2204,Japanese encephalitis virus,human
2205,West Nile,human
2206,USUV,chicken
2207,USUV,Anser anser
2208,USUV,Gallus domesticus
2209,USUV,chicken
2210,USUV,Anser anser
2211,USUV,Gallus domesticus
2212,MVEV,horse
2213,MVEV,horse
2214,TBEV,cattle
2215,TBEV,sheep
2216,DENV,Human
2217,JEV,Human
2218,LI virus,mouse
2219,SLEV,Picui Ground  Dove
2220,SLEV,Green  barred Woodpecker
2221,SLEV,American Kestrel
2222,SLEV,Falco sparverius
2223,SLEV,Eared Dove
2224,WNV,Picui Ground  Dove
2225,WNV,Green  barred Woodpecker
2226,WNV,American Kestrel
2227,WNV,Falco sparverius
2228,WNV,Eared Dove
2229,TBEV,human
2230,TBE,human
2231,WNV,white stork
2232,TBEV,M arvalis
2233,KFD,human
2234,KFD,monkeys
2235,KFD,human
2236,KFD,monkeys
2237, SLEV ,Human
2238, SLEV ,Human
2239,West Nile,Human
2240,West Nile,Human
2241,West Nile,Human
2242,West Nile,Human
2243,LI virus,Horse
2244,USUV,Turdus merula
2245,USUV,Strix nebulosa
2246,SLEV,human
2247,WNF,white stork
2248, TBE ,monkey
2249, TBE ,Macaca sylvanus
2250, TBE ,Monkey
2251, TBE ,Macaca sylvanus
2252,TBE,monkey
2253,TBE,Macaca sylvanus
2254,TBE,Monkey
2255,TBE,Macaca sylvanus
2256,TMUV,duck
2257,Yersinia,Cynomys mexicanus
2258,WNV,Ciconia ciconia
2259,WNV,Ciconia ciconia
2260,ZIKV,monkeys
2261,ZIKV,monkeys
2262,TBEV,reed warbler
2263,TBEV,reed warbler
2264,WNV,Common Quail
2265,WNV,Coturnix coturnix
2266,SLEV,Common Quail
2267,SLEV,Coturnix coturnix
2268,WNV,Common Quail
2269,WNV,Coturnix coturnix
2270,SLEV,Common Quail
2271,SLEV,Coturnix coturnix
2272,TBEV,human
2273,TBE,human
2274,USUTU,chicken
2275,USUTU,chicken
2276,TBEV,chicken
2277,WNV,chicken
2278,Modoc virus,mice
2279,FSME,chicken
2280,WNV,goose
2281,WNV,magpie
2282,USUV,magpie
2283,WNV,magpie
2284,SINV,magpie
2285,WNV,magpie
2286,TBEV,mouse
2287,tick  borne encephalitis virus,human
2288,Usutu virus,Turdus merula
2289,BAT virus,human
2290,WNV,Tamias striatus
2291,TBE virus,dog
2292,SMRV,Cygnus olor
2293,WNV,Cygnus olor
2294,SMRV,Cygnus olor
2295,WNV,Cygnus olor
2296,dengue virus,Macaca nemestrina
2297,chikungunya virus,Macaca nemestrina
2298,Japanese encephalitis virus,Macaca nemestrina
2299,TBEV,sheep
2300,SLE,human
2301,MVE,human
2302,CNS,human
2303,tick  borne encephalitis virus,Spermophilus undulatus
2304,tick  borne encephalitis virus,long  tailed ground squirrel
2305,tick  borne encephalitis virus,human
2306,WNV,horse
2307,Usutu virus,blackbird
2308,Usutu virus,blackbird
2309,KFD,Macaca radiata
2310,KFDV,Macaca radiata
2311,TBE,human
2312,TBE,human
2313,TBE,human
2314, INIA ,INIA
2315,TBE,human
2316,Bagaza virus,turkey
2317,Ilheus virus,turkey
2318,SLE,cattle
2319,SLE,human
2320,TBE,cattle
2321,TBE,sheep
2322,SLEV,human
2323,WNV,Jamaican oriole
2324,WNV,Bananaquit
2325,WNV,White  chinned thrush
2326,WNV,White  chinned thrush
2327,WNV,Black  faced grassquit
2328,WNV,White  chinned thrush
2329,WNV,White  chinned thrush
2330,WNV,Caribbean dove
2331,WNV,Bananaquit
2332,WNV,Greater Antillean grackle
2333,WNV,Loggerhead kingbird
2334,WNV,Orangequit
2335,WNV,Golden warbler
2336,WNV,Bananaquit
2337,WNV,Loggerhead kingbird
2338,WNV,Jamaican elaenia
2339,WNV,Caribbean dove
2340,WNV,Dendroica petechia
2341,WNV,Bananaquit
2342,WNV,Caribbean dove
2343,WNV,Black  faced grassquit
2344,WNV,Northern mockingbird
2345,WNV,Common ground  dove
2346,WNV,Jamaican elaenia
2347,WNV,White  eyed thrush
2348,WNV,Jamaican vireo
2349,WNV,Jamaican elaenia
2350,WNV,Jamaican oriole
2351,WNV,Bananaquit
2352,WNV,White  chinned thrush
2353,WNV,White  chinned thrush
2354,WNV,Black  faced grassquit
2355,WNV,White  chinned thrush
2356,WNV,White  chinned thrush
2357,WNV,Caribbean dove
2358,WNV,Bananaquit
2359,WNV,Greater Antillean grackle
2360,WNV,Loggerhead kingbird
2361,WNV,Orangequit
2362,WNV,Golden warbler
2363,WNV,Bananaquit
2364,WNV,Loggerhead kingbird
2365,WNV,Jamaican elaenia
2366,WNV,Caribbean dove
2367,WNV,Dendroica petechia
2368,WNV,Bananaquit
2369,WNV,Caribbean dove
2370,WNV,Black  faced grassquit
2371,WNV,Northern mockingbird
2372,WNV,Common ground  dove
2373,WNV,Jamaican elaenia
2374,WNV,White  eyed thrush
2375,WNV,Jamaican vireo
2376,WNV,Jamaican elaenia
2377,WNV,Jamaican oriole
2378,WNV,Bananaquit
2379,WNV,White  chinned thrush
2380,WNV,White  chinned thrush
2381,WNV,Black  faced grassquit
2382,WNV,White  chinned thrush
2383,WNV,White  chinned thrush
2384,WNV,Caribbean dove
2385,WNV,Bananaquit
2386,WNV,Greater Antillean grackle
2387,WNV,Loggerhead kingbird
2388,WNV,Orangequit
2389,WNV,Golden warbler
2390,WNV,Bananaquit
2391,WNV,Loggerhead kingbird
2392,WNV,Jamaican elaenia
2393,WNV,Caribbean dove
2394,WNV,Dendroica petechia
2395,WNV,Bananaquit
2396,WNV,Caribbean dove
2397,WNV,Black  faced grassquit
2398,WNV,Northern mockingbird
2399,WNV,Common ground  dove
2400,WNV,Jamaican elaenia
2401,WNV,White  eyed thrush
2402,WNV,Jamaican vireo
2403,WNV,Jamaican elaenia
2404,WNV,Jamaican oriole
2405,WNV,Bananaquit
2406,WNV,White  chinned thrush
2407,WNV,White  chinned thrush
2408,WNV,Black  faced grassquit
2409,WNV,White  chinned thrush
2410,WNV,White  chinned thrush
2411,WNV,Caribbean dove
2412,WNV,Bananaquit
2413,WNV,Greater Antillean grackle
2414,WNV,Loggerhead kingbird
2415,WNV,Orangequit
2416,WNV,Golden warbler
2417,WNV,Bananaquit
2418,WNV,Loggerhead kingbird
2419,WNV,Jamaican elaenia
2420,WNV,Caribbean dove
2421,WNV,Dendroica petechia
2422,WNV,Bananaquit
2423,WNV,Caribbean dove
2424,WNV,Black  faced grassquit
2425,WNV,Northern mockingbird
2426,WNV,Common ground  dove
2427,WNV,Jamaican elaenia
2428,WNV,White  eyed thrush
2429,WNV,Jamaican vireo
2430,WNV,Jamaican elaenia
2431,SLEV,Jamaican oriole
2432,SLEV,Bananaquit
2433,SLEV,White  chinned thrush
2434,SLEV,White  chinned thrush
2435,SLEV,Black  faced grassquit
2436,SLEV,White  chinned thrush
2437,SLEV,White  chinned thrush
2438,SLEV,Caribbean dove
2439,SLEV,Bananaquit
2440,SLEV,Greater Antillean grackle
2441,SLEV,Loggerhead kingbird
2442,SLEV,Orangequit
2443,SLEV,Golden warbler
2444,SLEV,Bananaquit
2445,SLEV,Loggerhead kingbird
2446,SLEV,Jamaican elaenia
2447,SLEV,Caribbean dove
2448,SLEV,Dendroica petechia
2449,SLEV,Bananaquit
2450,SLEV,Caribbean dove
2451,SLEV,Black  faced grassquit
2452,SLEV,Northern mockingbird
2453,SLEV,Common ground  dove
2454,SLEV,Jamaican elaenia
2455,SLEV,White  eyed thrush
2456,SLEV,Jamaican vireo
2457,SLEV,Jamaican elaenia
2458,WNV,Jamaican oriole
2459,WNV,Bananaquit
2460,WNV,White  chinned thrush
2461,WNV,White  chinned thrush
2462,WNV,Black  faced grassquit
2463,WNV,White  chinned thrush
2464,WNV,White  chinned thrush
2465,WNV,Caribbean dove
2466,WNV,Bananaquit
2467,WNV,Greater Antillean grackle
2468,WNV,Loggerhead kingbird
2469,WNV,Orangequit
2470,WNV,Golden warbler
2471,WNV,Bananaquit
2472,WNV,Loggerhead kingbird
2473,WNV,Jamaican elaenia
2474,WNV,Caribbean dove
2475,WNV,Dendroica petechia
2476,WNV,Bananaquit
2477,WNV,Caribbean dove
2478,WNV,Black  faced grassquit
2479,WNV,Northern mockingbird
2480,WNV,Common ground  dove
2481,WNV,Jamaican elaenia
2482,WNV,White  eyed thrush
2483,WNV,Jamaican vireo
2484,WNV,Jamaican elaenia
2485,West Nile virus,Jamaican oriole
2486,West Nile virus,Bananaquit
2487,West Nile virus,White  chinned thrush
2488,West Nile virus,White  chinned thrush
2489,West Nile virus,Black  faced grassquit
2490,West Nile virus,White  chinned thrush
2491,West Nile virus,White  chinned thrush
2492,West Nile virus,Caribbean dove
2493,West Nile virus,Bananaquit
2494,West Nile virus,Greater Antillean grackle
2495,West Nile virus,Loggerhead kingbird
2496,West Nile virus,Orangequit
2497,West Nile virus,Golden warbler
2498,West Nile virus,Bananaquit
2499,West Nile virus,Loggerhead kingbird
2500,West Nile virus,Jamaican elaenia
2501,West Nile virus,Caribbean dove
2502,West Nile virus,Dendroica petechia
2503,West Nile virus,Bananaquit
2504,West Nile virus,Caribbean dove
2505,West Nile virus,Black  faced grassquit
2506,West Nile virus,Northern mockingbird
2507,West Nile virus,Common ground  dove
2508,West Nile virus,Jamaican elaenia
2509,West Nile virus,White  eyed thrush
2510,West Nile virus,Jamaican vireo
2511,West Nile virus,Jamaican elaenia
2512,WNV,Jamaican oriole
2513,WNV,Bananaquit
2514,WNV,White  chinned thrush
2515,WNV,White  chinned thrush
2516,WNV,Black  faced grassquit
2517,WNV,White  chinned thrush
2518,WNV,White  chinned thrush
2519,WNV,Caribbean dove
2520,WNV,Bananaquit
2521,WNV,Greater Antillean grackle
2522,WNV,Loggerhead kingbird
2523,WNV,Orangequit
2524,WNV,Golden warbler
2525,WNV,Bananaquit
2526,WNV,Loggerhead kingbird
2527,WNV,Jamaican elaenia
2528,WNV,Caribbean dove
2529,WNV,Dendroica petechia
2530,WNV,Bananaquit
2531,WNV,Caribbean dove
2532,WNV,Black  faced grassquit
2533,WNV,Northern mockingbird
2534,WNV,Common ground  dove
2535,WNV,Jamaican elaenia
2536,WNV,White  eyed thrush
2537,WNV,Jamaican vireo
2538,WNV,Jamaican elaenia
2539,WNV,Jamaican oriole
2540,WNV,Bananaquit
2541,WNV,White  chinned thrush
2542,WNV,White  chinned thrush
2543,WNV,Black  faced grassquit
2544,WNV,White  chinned thrush
2545,WNV,White  chinned thrush
2546,WNV,Caribbean dove
2547,WNV,Bananaquit
2548,WNV,Greater Antillean grackle
2549,WNV,Loggerhead kingbird
2550,WNV,Orangequit
2551,WNV,Golden warbler
2552,WNV,Bananaquit
2553,WNV,Loggerhead kingbird
2554,WNV,Jamaican elaenia
2555,WNV,Caribbean dove
2556,WNV,Dendroica petechia
2557,WNV,Bananaquit
2558,WNV,Caribbean dove
2559,WNV,Black  faced grassquit
2560,WNV,Northern mockingbird
2561,WNV,Common ground  dove
2562,WNV,Jamaican elaenia
2563,WNV,White  eyed thrush
2564,WNV,Jamaican vireo
2565,WNV,Jamaican elaenia
2566,WNV,Jamaican oriole
2567,WNV,Bananaquit
2568,WNV,White  chinned thrush
2569,WNV,White  chinned thrush
2570,WNV,Black  faced grassquit
2571,WNV,White  chinned thrush
2572,WNV,White  chinned thrush
2573,WNV,Caribbean dove
2574,WNV,Bananaquit
2575,WNV,Greater Antillean grackle
2576,WNV,Loggerhead kingbird
2577,WNV,Orangequit
2578,WNV,Golden warbler
2579,WNV,Bananaquit
2580,WNV,Loggerhead kingbird
2581,WNV,Jamaican elaenia
2582,WNV,Caribbean dove
2583,WNV,Dendroica petechia
2584,WNV,Bananaquit
2585,WNV,Caribbean dove
2586,WNV,Black  faced grassquit
2587,WNV,Northern mockingbird
2588,WNV,Common ground  dove
2589,WNV,Jamaican elaenia
2590,WNV,White  eyed thrush
2591,WNV,Jamaican vireo
2592,WNV,Jamaican elaenia
2593,WNV,Jamaican oriole
2594,WNV,Bananaquit
2595,WNV,White  chinned thrush
2596,WNV,White  chinned thrush
2597,WNV,Black  faced grassquit
2598,WNV,White  chinned thrush
2599,WNV,White  chinned thrush
2600,WNV,Caribbean dove
2601,WNV,Bananaquit
2602,WNV,Greater Antillean grackle
2603,WNV,Loggerhead kingbird
2604,WNV,Orangequit
2605,WNV,Golden warbler
2606,WNV,Bananaquit
2607,WNV,Loggerhead kingbird
2608,WNV,Jamaican elaenia
2609,WNV,Caribbean dove
2610,WNV,Dendroica petechia
2611,WNV,Bananaquit
2612,WNV,Caribbean dove
2613,WNV,Black  faced grassquit
2614,WNV,Northern mockingbird
2615,WNV,Common ground  dove
2616,WNV,Jamaican elaenia
2617,WNV,White  eyed thrush
2618,WNV,Jamaican vireo
2619,WNV,Jamaican elaenia
2620,SLEV,Jamaican oriole
2621,SLEV,Bananaquit
2622,SLEV,White  chinned thrush
2623,SLEV,White  chinned thrush
2624,SLEV,Black  faced grassquit
2625,SLEV,White  chinned thrush
2626,SLEV,White  chinned thrush
2627,SLEV,Caribbean dove
2628,SLEV,Bananaquit
2629,SLEV,Greater Antillean grackle
2630,SLEV,Loggerhead kingbird
2631,SLEV,Orangequit
2632,SLEV,Golden warbler
2633,SLEV,Bananaquit
2634,SLEV,Loggerhead kingbird
2635,SLEV,Jamaican elaenia
2636,SLEV,Caribbean dove
2637,SLEV,Dendroica petechia
2638,SLEV,Bananaquit
2639,SLEV,Caribbean dove
2640,SLEV,Black  faced grassquit
2641,SLEV,Northern mockingbird
2642,SLEV,Common ground  dove
2643,SLEV,Jamaican elaenia
2644,SLEV,White  eyed thrush
2645,SLEV,Jamaican vireo
2646,SLEV,Jamaican elaenia
2647,WNV,Jamaican oriole
2648,WNV,Bananaquit
2649,WNV,White  chinned thrush
2650,WNV,White  chinned thrush
2651,WNV,Black  faced grassquit
2652,WNV,White  chinned thrush
2653,WNV,White  chinned thrush
2654,WNV,Caribbean dove
2655,WNV,Bananaquit
2656,WNV,Greater Antillean grackle
2657,WNV,Loggerhead kingbird
2658,WNV,Orangequit
2659,WNV,Golden warbler
2660,WNV,Bananaquit
2661,WNV,Loggerhead kingbird
2662,WNV,Jamaican elaenia
2663,WNV,Caribbean dove
2664,WNV,Dendroica petechia
2665,WNV,Bananaquit
2666,WNV,Caribbean dove
2667,WNV,Black  faced grassquit
2668,WNV,Northern mockingbird
2669,WNV,Common ground  dove
2670,WNV,Jamaican elaenia
2671,WNV,White  eyed thrush
2672,WNV,Jamaican vireo
2673,WNV,Jamaican elaenia
2674,ILHV,Jamaican oriole
2675,ILHV,Bananaquit
2676,ILHV,White  chinned thrush
2677,ILHV,White  chinned thrush
2678,ILHV,Black  faced grassquit
2679,ILHV,White  chinned thrush
2680,ILHV,White  chinned thrush
2681,ILHV,Caribbean dove
2682,ILHV,Bananaquit
2683,ILHV,Greater Antillean grackle
2684,ILHV,Loggerhead kingbird
2685,ILHV,Orangequit
2686,ILHV,Golden warbler
2687,ILHV,Bananaquit
2688,ILHV,Loggerhead kingbird
2689,ILHV,Jamaican elaenia
2690,ILHV,Caribbean dove
2691,ILHV,Dendroica petechia
2692,ILHV,Bananaquit
2693,ILHV,Caribbean dove
2694,ILHV,Black  faced grassquit
2695,ILHV,Northern mockingbird
2696,ILHV,Common ground  dove
2697,ILHV,Jamaican elaenia
2698,ILHV,White  eyed thrush
2699,ILHV,Jamaican vireo
2700,ILHV,Jamaican elaenia
2701,WNV,Jamaican oriole
2702,WNV,Bananaquit
2703,WNV,White  chinned thrush
2704,WNV,White  chinned thrush
2705,WNV,Black  faced grassquit
2706,WNV,White  chinned thrush
2707,WNV,White  chinned thrush
2708,WNV,Caribbean dove
2709,WNV,Bananaquit
2710,WNV,Greater Antillean grackle
2711,WNV,Loggerhead kingbird
2712,WNV,Orangequit
2713,WNV,Golden warbler
2714,WNV,Bananaquit
2715,WNV,Loggerhead kingbird
2716,WNV,Jamaican elaenia
2717,WNV,Caribbean dove
2718,WNV,Dendroica petechia
2719,WNV,Bananaquit
2720,WNV,Caribbean dove
2721,WNV,Black  faced grassquit
2722,WNV,Northern mockingbird
2723,WNV,Common ground  dove
2724,WNV,Jamaican elaenia
2725,WNV,White  eyed thrush
2726,WNV,Jamaican vireo
2727,WNV,Jamaican elaenia
2728,SLEV,Jamaican oriole
2729,SLEV,Bananaquit
2730,SLEV,White  chinned thrush
2731,SLEV,White  chinned thrush
2732,SLEV,Black  faced grassquit
2733,SLEV,White  chinned thrush
2734,SLEV,White  chinned thrush
2735,SLEV,Caribbean dove
2736,SLEV,Bananaquit
2737,SLEV,Greater Antillean grackle
2738,SLEV,Loggerhead kingbird
2739,SLEV,Orangequit
2740,SLEV,Golden warbler
2741,SLEV,Bananaquit
2742,SLEV,Loggerhead kingbird
2743,SLEV,Jamaican elaenia
2744,SLEV,Caribbean dove
2745,SLEV,Dendroica petechia
2746,SLEV,Bananaquit
2747,SLEV,Caribbean dove
2748,SLEV,Black  faced grassquit
2749,SLEV,Northern mockingbird
2750,SLEV,Common ground  dove
2751,SLEV,Jamaican elaenia
2752,SLEV,White  eyed thrush
2753,SLEV,Jamaican vireo
2754,SLEV,Jamaican elaenia
2755,WNV,Jamaican oriole
2756,WNV,Bananaquit
2757,WNV,White  chinned thrush
2758,WNV,White  chinned thrush
2759,WNV,Black  faced grassquit
2760,WNV,White  chinned thrush
2761,WNV,White  chinned thrush
2762,WNV,Caribbean dove
2763,WNV,Bananaquit
2764,WNV,Greater Antillean grackle
2765,WNV,Loggerhead kingbird
2766,WNV,Orangequit
2767,WNV,Golden warbler
2768,WNV,Bananaquit
2769,WNV,Loggerhead kingbird
2770,WNV,Jamaican elaenia
2771,WNV,Caribbean dove
2772,WNV,Dendroica petechia
2773,WNV,Bananaquit
2774,WNV,Caribbean dove
2775,WNV,Black  faced grassquit
2776,WNV,Northern mockingbird
2777,WNV,Common ground  dove
2778,WNV,Jamaican elaenia
2779,WNV,White  eyed thrush
2780,WNV,Jamaican vireo
2781,WNV,Jamaican elaenia
2782,WNV,Jamaican oriole
2783,WNV,Bananaquit
2784,WNV,White  chinned thrush
2785,WNV,White  chinned thrush
2786,WNV,Black  faced grassquit
2787,WNV,White  chinned thrush
2788,WNV,White  chinned thrush
2789,WNV,Caribbean dove
2790,WNV,Bananaquit
2791,WNV,Greater Antillean grackle
2792,WNV,Loggerhead kingbird
2793,WNV,Orangequit
2794,WNV,Golden warbler
2795,WNV,Bananaquit
2796,WNV,Loggerhead kingbird
2797,WNV,Jamaican elaenia
2798,WNV,Caribbean dove
2799,WNV,Dendroica petechia
2800,WNV,Bananaquit
2801,WNV,Caribbean dove
2802,WNV,Black  faced grassquit
2803,WNV,Northern mockingbird
2804,WNV,Common ground  dove
2805,WNV,Jamaican elaenia
2806,WNV,White  eyed thrush
2807,WNV,Jamaican vireo
2808,WNV,Jamaican elaenia
2809,WNV,Jamaican oriole
2810,WNV,Bananaquit
2811,WNV,White  chinned thrush
2812,WNV,White  chinned thrush
2813,WNV,Black  faced grassquit
2814,WNV,White  chinned thrush
2815,WNV,White  chinned thrush
2816,WNV,Caribbean dove
2817,WNV,Bananaquit
2818,WNV,Greater Antillean grackle
2819,WNV,Loggerhead kingbird
2820,WNV,Orangequit
2821,WNV,Golden warbler
2822,WNV,Bananaquit
2823,WNV,Loggerhead kingbird
2824,WNV,Jamaican elaenia
2825,WNV,Caribbean dove
2826,WNV,Dendroica petechia
2827,WNV,Bananaquit
2828,WNV,Caribbean dove
2829,WNV,Black  faced grassquit
2830,WNV,Northern mockingbird
2831,WNV,Common ground  dove
2832,WNV,Jamaican elaenia
2833,WNV,White  eyed thrush
2834,WNV,Jamaican vireo
2835,WNV,Jamaican elaenia
2836,WNV,Jamaican oriole
2837,WNV,Bananaquit
2838,WNV,White  chinned thrush
2839,WNV,White  chinned thrush
2840,WNV,Black  faced grassquit
2841,WNV,White  chinned thrush
2842,WNV,White  chinned thrush
2843,WNV,Caribbean dove
2844,WNV,Bananaquit
2845,WNV,Greater Antillean grackle
2846,WNV,Loggerhead kingbird
2847,WNV,Orangequit
2848,WNV,Golden warbler
2849,WNV,Bananaquit
2850,WNV,Loggerhead kingbird
2851,WNV,Jamaican elaenia
2852,WNV,Caribbean dove
2853,WNV,Dendroica petechia
2854,WNV,Bananaquit
2855,WNV,Caribbean dove
2856,WNV,Black  faced grassquit
2857,WNV,Northern mockingbird
2858,WNV,Common ground  dove
2859,WNV,Jamaican elaenia
2860,WNV,White  eyed thrush
2861,WNV,Jamaican vireo
2862,WNV,Jamaican elaenia
2863,WNV,Jamaican oriole
2864,WNV,Bananaquit
2865,WNV,White  chinned thrush
2866,WNV,White  chinned thrush
2867,WNV,Black  faced grassquit
2868,WNV,White  chinned thrush
2869,WNV,White  chinned thrush
2870,WNV,Caribbean dove
2871,WNV,Bananaquit
2872,WNV,Greater Antillean grackle
2873,WNV,Loggerhead kingbird
2874,WNV,Orangequit
2875,WNV,Golden warbler
2876,WNV,Bananaquit
2877,WNV,Loggerhead kingbird
2878,WNV,Jamaican elaenia
2879,WNV,Caribbean dove
2880,WNV,Dendroica petechia
2881,WNV,Bananaquit
2882,WNV,Caribbean dove
2883,WNV,Black  faced grassquit
2884,WNV,Northern mockingbird
2885,WNV,Common ground  dove
2886,WNV,Jamaican elaenia
2887,WNV,White  eyed thrush
2888,WNV,Jamaican vireo
2889,WNV,Jamaican elaenia
2890,WNV,Jamaican oriole
2891,WNV,Bananaquit
2892,WNV,White  chinned thrush
2893,WNV,White  chinned thrush
2894,WNV,Black  faced grassquit
2895,WNV,White  chinned thrush
2896,WNV,White  chinned thrush
2897,WNV,Caribbean dove
2898,WNV,Bananaquit
2899,WNV,Greater Antillean grackle
2900,WNV,Loggerhead kingbird
2901,WNV,Orangequit
2902,WNV,Golden warbler
2903,WNV,Bananaquit
2904,WNV,Loggerhead kingbird
2905,WNV,Jamaican elaenia
2906,WNV,Caribbean dove
2907,WNV,Dendroica petechia
2908,WNV,Bananaquit
2909,WNV,Caribbean dove
2910,WNV,Black  faced grassquit
2911,WNV,Northern mockingbird
2912,WNV,Common ground  dove
2913,WNV,Jamaican elaenia
2914,WNV,White  eyed thrush
2915,WNV,Jamaican vireo
2916,WNV,Jamaican elaenia
2917,WNV,Jamaican oriole
2918,WNV,Bananaquit
2919,WNV,White  chinned thrush
2920,WNV,White  chinned thrush
2921,WNV,Black  faced grassquit
2922,WNV,White  chinned thrush
2923,WNV,White  chinned thrush
2924,WNV,Caribbean dove
2925,WNV,Bananaquit
2926,WNV,Greater Antillean grackle
2927,WNV,Loggerhead kingbird
2928,WNV,Orangequit
2929,WNV,Golden warbler
2930,WNV,Bananaquit
2931,WNV,Loggerhead kingbird
2932,WNV,Jamaican elaenia
2933,WNV,Caribbean dove
2934,WNV,Dendroica petechia
2935,WNV,Bananaquit
2936,WNV,Caribbean dove
2937,WNV,Black  faced grassquit
2938,WNV,Northern mockingbird
2939,WNV,Common ground  dove
2940,WNV,Jamaican elaenia
2941,WNV,White  eyed thrush
2942,WNV,Jamaican vireo
2943,WNV,Jamaican elaenia
2944,SSEV,sheep
2945,JEV,human
2946,WEE,horse
2947,EEE,horse
2948,yellow fever,mice
2949,dengue,mice
2950,SLEV,Caribbean dove
2951,SLEV,Golden warbler
2952,SLEV,Yellow warbler
2953,SLEV,Caribbean elaenia
2954,SLEV,Pearly  eyed thrasher
2955,SLEV,Dendroica petechia
2956,SLEV,Northern waterthrush
2957,SLEV,Prairie warbler
2958,WNV,Caribbean dove
2959,WNV,Golden warbler
2960,WNV,Yellow warbler
2961,WNV,Caribbean elaenia
2962,WNV,Pearly  eyed thrasher
2963,WNV,Dendroica petechia
2964,WNV,Northern waterthrush
2965,WNV,Prairie warbler
2966,SLEV,Caribbean dove
2967,SLEV,Golden warbler
2968,SLEV,Yellow warbler
2969,SLEV,Caribbean elaenia
2970,SLEV,Pearly  eyed thrasher
2971,SLEV,Dendroica petechia
2972,SLEV,Northern waterthrush
2973,SLEV,Prairie warbler
2974,West Nile virus,Caribbean dove
2975,West Nile virus,Golden warbler
2976,West Nile virus,Yellow warbler
2977,West Nile virus,Caribbean elaenia
2978,West Nile virus,Pearly  eyed thrasher
2979,West Nile virus,Dendroica petechia
2980,West Nile virus,Northern waterthrush
2981,West Nile virus,Prairie warbler
2982,SLEV,Caribbean dove
2983,SLEV,Golden warbler
2984,SLEV,Yellow warbler
2985,SLEV,Caribbean elaenia
2986,SLEV,Pearly  eyed thrasher
2987,SLEV,Dendroica petechia
2988,SLEV,Northern waterthrush
2989,SLEV,Prairie warbler
2990,SLEV,Caribbean dove
2991,SLEV,Golden warbler
2992,SLEV,Yellow warbler
2993,SLEV,Caribbean elaenia
2994,SLEV,Pearly  eyed thrasher
2995,SLEV,Dendroica petechia
2996,SLEV,Northern waterthrush
2997,SLEV,Prairie warbler
2998,WNV,Caribbean dove
2999,WNV,Golden warbler
3000,WNV,Yellow warbler
3001,WNV,Caribbean elaenia
3002,WNV,Pearly  eyed thrasher
3003,WNV,Dendroica petechia
3004,WNV,Northern waterthrush
3005,WNV,Prairie warbler
3006,WNV,Caribbean dove
3007,WNV,Golden warbler
3008,WNV,Yellow warbler
3009,WNV,Caribbean elaenia
3010,WNV,Pearly  eyed thrasher
3011,WNV,Dendroica petechia
3012,WNV,Northern waterthrush
3013,WNV,Prairie warbler
3014,WNV,Caribbean dove
3015,WNV,Golden warbler
3016,WNV,Yellow warbler
3017,WNV,Caribbean elaenia
3018,WNV,Pearly  eyed thrasher
3019,WNV,Dendroica petechia
3020,WNV,Northern waterthrush
3021,WNV,Prairie warbler
3022,JEV,human
3023,JEV,human
3024,NGS,Whitehead
3025,NGS,Whitehead
3026,USUTU virus,chicken
3027,USUTU virus,Gallus domesticus
3028,WNV,woodchuck
3029,WNV,Marmota monax
3030,SMRV,monkey
3031,SMRV,monkey
3032,squirrel monkey retrovirus,monkey
3033,West Nile virus,monkey
3034,WNV,monkey
3035,FBS,green monkey
3036, FBS ,green monkey
3037,TBE virus,cattle
3038,USUTU VIRUS,house sparrow
3039,WNV,Pandion haliaetus
3040,Japanese encephalitis,human
3041,CHIK,human
3042,CHIK,human
3043,Tembusu,human
3044,CHIK,human
3045,Zika,human
3046,TBE,red fox
3047,TBE,red fox
3048,TBEV,red fox
3049,TBEV,red fox
3050, TBE ,sheep
3051,tick  borne encephalitis virus,sheep
3052,tick  borne encephalitis,sheep
3053, TBEV ,sheep
3054,TBEV,H inermis
3055,TBEV,human
3056,TBEV,common redstart
3057,TBEV,fieldfare
3058,TBEV,tree pipit
3059,tick  borne encephalitis virus,mouse
3060,USUV,chicken
3061,WNV,P montanus
3062,WNV,Passer domesticus
3063, HIT ,P montanus
3064, HIT ,Passer domesticus
3065,WNV,P montanus
3066,WNV,Passer domesticus
3067,Rio Bravo virus,Chaerephon pumilus
3068,Rio Bravo virus,little free  tailed bat
3069,Entebbe bat,Chaerephon pumilus
3070,Entebbe bat,little free  tailed bat
3071,Bat virus,Chaerephon pumilus
3072,Bat virus,little free  tailed bat
3073,TBEV,Microtus arvalis
3074,TBEV,Myodes rufocanus
3075,TBEV,Microtus arvalis
3076,TBEV,Myodes rufocanus
3077,TBEV,Microtus arvalis
3078,TBEV,Myodes rufocanus
3079,Usutu virus,Pyrrhula pyrrhula
3080,Usutu virus,Dendrocopos major
3081,Usutu virus,great spotted woodpecker
3082,West Nile,Goose
3083,West Nile,Human
3084,West Nile,Phoenicopterus chilensis
3085,West Nile,Chilean flamingo
3086,TBEV,A pallipes
3087,TBEV,mice
3088,West Nile virus,Corvus mellori
3089,West Nile virus,little raven
3090,JEV,human
3091,JEV,human
3092,Zika virus,rhesus monkey
3093,Zika,rhesus monkey
3094,TBEV,Apodemus
3095,TBEV,A pallipes
3096,TBEV,mice
3097,PAP,mouse
3098,PAP,goat
3099,PAP,mouse
3100,PAP,mouse
3101,BHK,mouse
3102,BHK,goat
3103,BHK,mouse
3104,BHK,mouse
3105, PAP ,mouse
3106, PAP ,goat
3107, PAP ,mouse
3108, PAP ,mouse
3109,SLEV,House Finch
3110,SLEV,Mourning Dove
3111,SLEV,Passer domesticus
3112,SLEV,House Sparrow
3113,West Nile virus,Red  shouldered Hawk
3114,West Nile virus,Buteo lineatus
3115,KFDV,monkeys
3116,TBE,human
3117,Powassan virus,Peromyscus leucopus
3118,WNV,C flaveola
3119,WNV,chicken
3120,WNV,T leucomelas
3121,WNV,pale  breasted thrush
3122,WNV,bananaquit
3123,WNV,G gallus
3124,TBEV,brambling
3125,TBEV,brambling
3126,TBE,sheep
3127,TBE,goat
3128,TBEV,sheep
3129,TBEV,goat
3130, WNV ,human
3131,West Nile virus,human
3132, SLEV ,human
3133,WNV,white stork
3134,West Nile,Cattle
3135,West Nile,Dog
3136,West Nile,Goat
3137,Sindbis,Cattle
3138,Sindbis,Dog
3139,Sindbis,Goat
3140,Langat,Cattle
3141,Langat,Dog
3142,Langat,Goat
3143,Usutu,Turkey
3144, DENV ,Turkey
3145,Sindbis,Turkey
3146, BATV ,Turkey
3147, TAHV ,Turkey
3148, USUV ,Turkey
3149, WNV ,Turkey
3150, SINV ,Turkey
3151,Dengue,Turkey
3152, LEDV ,Turkey
3153, INKV ,Turkey
3154,West Nile,Turkey
3155,KFD,human
3156,West Nile virus,mouse
3157,USUV,Blackbird
3158,JEV,pig
3159,JEV,pig
3160,TBE virus,sheep
3161,Langat,Dog
3162,TBE,Dog
3163,TBEV,human
3164,USUV,Blackbird
3165,TBEV,sheep
3166,TBEV,Apodemus
3167,USUV,Turdus merula
3168,WNV,Ovis aries
3169,WNV,Cervus elaphus
3170,WNV,red sheep
3171,WNV,red deer
3172,WNV,Dama dama
3173,WNV,European roe
3174,WNV,Capreolus capreolus
3175,WNV,fallow deer
3176,TBEV,mice
3177,SLEV,Spotted Dove
3178,SLEV,Java Sparrow
3179,SLEV,Spotted Dove
3180,JEV,Spotted Dove
3181,JEV,Java Sparrow
3182,JEV,Spotted Dove
3183,YFV,mice
3184,YFV,mice
3185,ENTV,mice
3186,ENTV,mice
3187,ENTV,mice
3188,ENTV,mice
3189,ENTV,mice
3190,ENTV,mice
3191,ENTV,mice
3192,ENTV,mice
3193,Entebbe bat virus,mice
3194,Entebbe bat virus,mice
3195,Entebbe bat virus,mice
3196,Entebbe bat virus,mice
3197,TBEV,goat
3198,MVEV,human
3199,MVEV,horse
3200,West Nile virus,human
3201,West Nile virus,Hispid cotton rat
3202,West Nile virus,Rattus norvegicus
3203,West Nile virus,Fox squirrel
3204,West Nile virus,Rattus norvegicus
3205,West Nile virus,R rattus
3206,West Nile virus,Sciurus niger
3207,West Nile virus,Sigmodon hispidus
3208,West Nile virus,Rattus rattus
3209,West Nile virus,Rattus sp
3210,West Nile virus,R rattus
3211,West Nile virus,R rattus
3212,West Nile virus,R rattus
3213,West Nile virus,Red squirrel
3214,West Nile virus,Western gray squirrel
3215,West Nile virus,European ground squirrel
3216,West Nile virus,Eastern gray squirrel
3217,West Nile virus,Eastern chipmunk
3218,West Nile virus,Tamiasciurus hudsonicus
3219,West Nile virus,Brown rat
3220,West Nile virus,Roof rat
3221,West Nile virus,Sciurus griseus
3222,West Nile virus,Tamias striatus
3223,West Nile virus,Sciurus carolinensis
3224,WNV,Hispid cotton rat
3225,WNV,Rattus norvegicus
3226,WNV,Fox squirrel
3227,WNV,Rattus norvegicus
3228,WNV,R rattus
3229,WNV,Sciurus niger
3230,WNV,Sigmodon hispidus
3231,WNV,Rattus rattus
3232,WNV,Rattus sp
3233,WNV,R rattus
3234,WNV,R rattus
3235,WNV,R rattus
3236,WNV,Red squirrel
3237,WNV,Western gray squirrel
3238,WNV,European ground squirrel
3239,WNV,Eastern gray squirrel
3240,WNV,Eastern chipmunk
3241,WNV,Tamiasciurus hudsonicus
3242,WNV,Brown rat
3243,WNV,Roof rat
3244,WNV,Sciurus griseus
3245,WNV,Tamias striatus
3246,WNV,Sciurus carolinensis
3247,TBE,monkeys
3248,Zika virus,monkeys
3249,Zika virus,human
3250,USUV,great spotted woodpecker
3251, NSP ,great spotted woodpecker
3252,ZIKV,monkeys
3253,yellow fever virus,monkeys
3254,Zika,monkeys
3255,yellow fever virus,monkeys
3256,TBEV,Apodemus
3257,TBEV,mice
3258,WNV,Magpie
3259,WNV,Magpie
3260,SINV,Magpie
3261,WNV,Magpie
3262,WNV,Magpie
3263,WNV,Magpie
3264,WNV,Magpie
3265,WNV,Magpie
3266,LIV,Magpie
3267,WNV,Magpie
3268,USUV,Magpie
3269,WNV,Magpie
3270,WNV,Magpie
3271,TBE,Passer domesticus
3272,TBE,C flammea
3273,TBE,F atra
3274,TBEV,Passer domesticus
3275,TBEV,C flammea
3276,TBEV,F atra
3277,TBEV,human
3278,SLEV,Picui Ground  Dove
3279,SLEV,Columbina picui
3280,SLEV,Rufous Hornero
3281,SLEV,Furnarius rufus
3282,SLEV,Bay  winged Cowbird
3283,SLEV,House Sparrow
3284,SLEV,Passer domesticus
3285,SLEV,Great Kiskadee
3286,SLEV,Agelaioides badius
3287,SLEV,Eared Dove
3288,SLEV,Pitangus sulphuratus
3289,TBE,human
3290,TBE,human
3291,TBEV,Microtus arvalis
3292,USUV,human
3293,Omsk hemorrhagic fever,Sheep
3294,Omsk hemorrhagic fever,human
3295,tick  borne encephalitis,Sheep
3296,tick  borne encephalitis,human
3297,Powassan,Sheep
3298,Powassan,human
3299,Louping ill,Sheep
3300,Louping ill,human
3301,tick  borne encephalitis virus,Sheep
3302,tick  borne encephalitis virus,human
3303,TBEV,Turkey
3304,WNV,Sylvia borin
3305,WNV,Milvus migrans
3306,WNV,Phoenicurus phoenicurus
3307,WNV,Pandion haliaetus
3308,WNV,Ficedula hypoleuca
3309,WNV,Ciconia ciconia
3310,WNV,Erithacus rubecula
3311,WNV,Motacilla flava
3312,WNV,Haliaeetus albicilla
3313,WNV,Lanius collurio
3314,JEV,Murina aurata
3315,JEV,little tube  nosed bat
3316,TBEV,sheep
3317,tick  borne encephalitis virus,Clethrionomys glareolus
3318,tick  borne encephalitis virus,Apodemus flavicollis
3319,JEV,human
3320,TBE,human
3321,TBE virus,dog
3322,West Nile virus,Caracara cheriway
3323,West Nile virus,Crested Caracara
3324,DENV,monkeys
3325,WNV,human
3326,WNV,human
3327,BHK,A speciosus
3328,ENTV,eloquent horseshoe bat
3329,ENTV,Egyptian fruit bat
3330,ENTV,Rhinolophus hildebrandtii
3331,ENTV,Mops condylurus
3332,ENTV,Rousettus aegyptiacus
3333,bat virus,eloquent horseshoe bat
3334,bat virus,Egyptian fruit bat
3335,bat virus,Rhinolophus hildebrandtii
3336,bat virus,Mops condylurus
3337,bat virus,Rousettus aegyptiacus
3338,Bukalasa bat virus,eloquent horseshoe bat
3339,Bukalasa bat virus,Egyptian fruit bat
3340,Bukalasa bat virus,Rhinolophus hildebrandtii
3341,Bukalasa bat virus,Mops condylurus
3342,Bukalasa bat virus,Rousettus aegyptiacus
3343,ENTV,eloquent horseshoe bat
3344,ENTV,Egyptian fruit bat
3345,ENTV,Rhinolophus hildebrandtii
3346,ENTV,Mops condylurus
3347,ENTV,Rousettus aegyptiacus
3348,Entebbe bat virus,eloquent horseshoe bat
3349,Entebbe bat virus,Egyptian fruit bat
3350,Entebbe bat virus,Rhinolophus hildebrandtii
3351,Entebbe bat virus,Mops condylurus
3352,Entebbe bat virus,Rousettus aegyptiacus
3353,bat virus,eloquent horseshoe bat
3354,bat virus,Egyptian fruit bat
3355,bat virus,Rhinolophus hildebrandtii
3356,bat virus,Mops condylurus
3357,bat virus,Rousettus aegyptiacus
3358,bat virus,eloquent horseshoe bat
3359,bat virus,Egyptian fruit bat
3360,bat virus,Rhinolophus hildebrandtii
3361,bat virus,Mops condylurus
3362,bat virus,Rousettus aegyptiacus
3363,ENTV,eloquent horseshoe bat
3364,ENTV,Egyptian fruit bat
3365,ENTV,Rhinolophus hildebrandtii
3366,ENTV,Mops condylurus
3367,ENTV,Rousettus aegyptiacus
3368,Bukalasa bat virus,eloquent horseshoe bat
3369,Bukalasa bat virus,Egyptian fruit bat
3370,Bukalasa bat virus,Rhinolophus hildebrandtii
3371,Bukalasa bat virus,Mops condylurus
3372,Bukalasa bat virus,Rousettus aegyptiacus
3373,Dakar bat virus,eloquent horseshoe bat
3374,Dakar bat virus,Egyptian fruit bat
3375,Dakar bat virus,Rhinolophus hildebrandtii
3376,Dakar bat virus,Mops condylurus
3377,Dakar bat virus,Rousettus aegyptiacus
3378,Dakar bat virus,eloquent horseshoe bat
3379,Dakar bat virus,Egyptian fruit bat
3380,Dakar bat virus,Rhinolophus hildebrandtii
3381,Dakar bat virus,Mops condylurus
3382,Dakar bat virus,Rousettus aegyptiacus
3383,KFDV,monkeys
3384,KFDV,monkey
3385,WNV,Blackbird
3386,WNV,Blackbird
3387,WNV,Blackbird
3388,WNV,Blackbird
3389,WNV,Blackbird
3390,WNV,Blackbird
3391,WNV,Blackbird
3392,WNV,Blackbird
3393,WNV,Blackbird
3394,WNV,Blackbird
3395,SINV,Lagopus lagopus
3396,CEEV,human
3397,Changuinola virus,human
3398,JEV,human
3399,DENV,human
3400,SLEV,Taraba major
3401,SLEV,Troglodytes aedon
3402,MVEV,pig
3403,JEV,pig
3404,KUNV,pig
3405,JEV,pig
3406,AAHL,pig
3407,TBEV,cow
3408,TBEV,cow
3409,WNV,Eptesicus fuscus
3410,WNV,northern myotis
3411,WNV,little brown myotis
3412,WNV,Myotis septentrionalis
3413,WNV,Myotis lucifugus
3414,West Nile virus,human
3415,WNV,human
3416, WNV ,human
3417,TBEV,mouse
3418,USUV,human
3419,CEEV,pig
3420,CEEV,sheep
3421,WNV,P haliaetus
3422,WNV,Phoenicurus phoenicurus
3423,WNV,C ciconia
3424,USUV,P haliaetus
3425,USUV,Phoenicurus phoenicurus
3426,USUV,C ciconia
3427,Murray Valley encephalitis virus,human
3428, MVEV ,human
3429,Japanese encephalitis virus,human
3430, WNV ,human
3431, JEV ,human
3432,Saint Louis encephalitis virus,human
3433,West Nile virus,human
3434, SLEV ,human
3435,JEV,human
3436,SLEV,human
3437,SLEV,human
3438,WNV,horse
3439,USUV,Turdus iliacus
3440,USUV,T pilaris
3441,USUV,rabbit
3442,ZIKV,mice
3443,ZIKV,mouse
3444,ZIKV,mouse
3445,JEV,chicken
3446,JEV,human
3447,ZIKV,water buffalo
3448,ZIKV,sheep
3449,ZIKV,impala
3450, EEEV ,Caracara cheriway
3451, WNV ,Caracara cheriway
3452, FLAV ,Caracara cheriway
3453, SLEV ,Caracara cheriway
3454,West Nile virus,Caracara cheriway
3455,eastern equine encephalitis virus,Caracara cheriway
3456,WNV,Equus caballus
3457,WNV,striped skunk
3458,WNV,Mephitis mephitis
3459,JEV,chicken
3460,JEV,chicken
3461,BHK,chicken
3462,ZIKV,human
3463,Dengue virus,monkeys
3464,West Nile,human
3465,West Nile virus,human
3466, SSEV ,sheep
3467,TBEV,human
3468,Kyasanur Forest disease,monkeys
3469,TBEV,Vulpes vulpes
3470,TBE,Vulpes vulpes
3471,TBE,Vulpes vulpes
3472,louping ill,human
3473,duck circovirus,duck
3474,duck circovirus,duck
3475,duck circovirus,Muscovy duck
3476,duck circovirus,goose
3477,duck circovirus,goose
3478,duck circovirus,duck
3479,duck circovirus,goose
3480,duck circovirus,duck
3481,TBE,Cervus elaphus
3482,TBE,Cervus elaphus
3483,TBEV,red deer
3484,TBE,cattle
3485,WNV,Chicken
3486,WNV,Turkey
3487,WNV,Green woodpecker
3488,WNV,Magpie
3489,WNV,Duck
3490,WNV,Chicken
3491,WNV,Turkey
3492,WNV,Green woodpecker
3493,WNV,Magpie
3494,WNV,Duck
3495,WNV,Chicken
3496,WNV,Turkey
3497,WNV,Green woodpecker
3498,WNV,Magpie
3499,WNV,Duck
3500,WNV,Chicken
3501,WNV,Turkey
3502,WNV,Green woodpecker
3503,WNV,Magpie
3504,WNV,Duck
3505,WNV,Chicken
3506,WNV,Turkey
3507,WNV,Green woodpecker
3508,WNV,Magpie
3509,WNV,Duck
3510,WNV,Chicken
3511,WNV,Turkey
3512,WNV,Green woodpecker
3513,WNV,Magpie
3514,WNV,Duck
3515,WNV,Chicken
3516,WNV,Turkey
3517,WNV,Green woodpecker
3518,WNV,Magpie
3519,WNV,Duck
3520,WNV,Chicken
3521,WNV,Turkey
3522,WNV,Green woodpecker
3523,WNV,Magpie
3524,WNV,Duck
3525,WNV,Chicken
3526,WNV,Turkey
3527,WNV,Green woodpecker
3528,WNV,Magpie
3529,WNV,Duck
3530,WNV,Chicken
3531,WNV,Turkey
3532,WNV,Green woodpecker
3533,WNV,Magpie
3534,WNV,Duck
3535,WNV,Chicken
3536,WNV,Turkey
3537,WNV,Green woodpecker
3538,WNV,Magpie
3539,WNV,Duck
3540,WNV,Chicken
3541,WNV,Turkey
3542,WNV,Green woodpecker
3543,WNV,Magpie
3544,WNV,Duck
3545,WNV,Chicken
3546,WNV,Turkey
3547,WNV,Green woodpecker
3548,WNV,Magpie
3549,WNV,Duck
3550,WNV,Chicken
3551,WNV,Turkey
3552,WNV,Green woodpecker
3553,WNV,Magpie
3554,WNV,Duck
3555,WNV,Chicken
3556,WNV,Turkey
3557,WNV,Green woodpecker
3558,WNV,Magpie
3559,WNV,Duck
3560,WNV,Chicken
3561,WNV,Turkey
3562,WNV,Green woodpecker
3563,WNV,Magpie
3564,WNV,Duck
3565,WNV,Chicken
3566,WNV,Turkey
3567,WNV,Green woodpecker
3568,WNV,Magpie
3569,WNV,Duck
3570,WNV,Chicken
3571,WNV,Turkey
3572,WNV,Green woodpecker
3573,WNV,Magpie
3574,WNV,Duck
3575,SIN,human
3576,DEN,human
3577,dengue virus,human
3578,dengue virus,human
3579,Usutu virus,human
3580,JEV,mice
3581,Tembusu virus,human
3582,WNV,striped skunk
3583,yellow fever virus,human
3584,dengue virus,human
3585,Japanese encephalitis virus,human
3586,TBE virus,human
3587,TBEV,M glareolus
3588,TBEV,cow
3589,TBEV,blackbird
3590,USUV,blackbird
3591, TBEV ,blackbird
3592,West Nile,blackbird
3593,USUV,blackbird
3594,WNV,Pandion haliaetus
3595,TBE,monkey
3596,TBE,sheep
3597,TBE,human
3598,TBEV,mice
3599,TBE,human
3600,TBE,human
3601,TBE,human
3602,TBEV,red deer
3603,ZIKV,Human
3604,WNV,Eidolon helvum
3605,WNV,Chaerephon pumilus
3606,WNV,Mops condylurus
3607,louping ill virus,sheep
3608,USUV,blackbird
3609,JE virus,horse
3610,JE virus,dog
3611,JE virus,dog
3612,TBE virus,horse
3613,TBE virus,dog
3614,TBE virus,dog
3615,TBE,horse
3616,TBE,dog
3617,TBE,dog
3618,dengue virus,Macaca sinica
3619,tick  borne encephalitis,goat
3620,FSME,goat
3621,CGLV,Choloepus hoffmanni
3622,CGLV,Bradypus variegatus
3623,BAT virus,human
3624,USUV,chicken
3625,West Nile,human
3626,Usutu,human
3627,yellow fever,Human
3628,Kyasanur Forest disease,monkeys
3629,WNV,Haliaeetus albicilla
3630,WNV,Accipiter gentilis
3631,WNV,Milvus migrans
3632,WNV,cattle
3633,WNV,sheep
3634,WNV,Mouse
3635,WNV,mice
3636,SLEV,Mouse
3637,SLEV,mice
3638,yellow fever,monkeys
3639,yellow fever,monkeys
3640,yellow fever,human
3641,dengue,human
3642,hit,monkey
3643,SLEV,human
3644,SLEV,human
3645,SLEV,human
3646,ILH virus,agouti
3647,YF virus,agouti
3648,USUV,human
3649,Modoc,black rat
3650,yellow fever,black rat
3651,Apoi,black rat
3652,ROCV,horse
3653,yellow fever,monkeys
3654,WNV,horse
3655,YF virus,monkey
3656,yellow fever,human
3657,West Nile virus,human
3658,USUV,horse
3659,WNV,horse
3660,SLE virus,monkeys
3661, ILHV ,human
3662,Cacipacore virus,human
3663,Ilheus virus,human
3664, BSQV ,human
3665, CPCV ,human
3666,YF virus,monkeys
3667,YF virus,Saguinus geoffroyi
3668,YF virus,Aotus trivirgatus
3669,YF virus,night monkey
3670,PRN,monkeys
3671,PRN,Saguinus geoffroyi
3672,PRN,Aotus trivirgatus
3673,PRN,night monkey
3674,YF virus,monkeys
3675,YF virus,Saguinus geoffroyi
3676,YF virus,Aotus trivirgatus
3677,YF virus,night monkey
3678,yellow fever,monkeys
3679, SLEV ,human
3680, DENV ,human
3681,Dengue virus,human
3682, WNV ,human
3683,West Nile virus,human
3684, SLE ,Choloepus hoffmanni
3685,WNV,human
3686, WND ,human
3687,Yellow Fever,Alouatta guariba
3688,Yellow Fever,Monkey
3689,Yellow Fever,A caraya
3690,yellow fever virus,monkeys
3691,yellow fever virus,monkeys
3692,Modoc,R rattus
3693,yellow fever,R rattus
3694,Apoi,R rattus
3695,EEE virus,Mesocricetus auratus
3696,ILH virus,Dasyprocta punctata
3697,ILH,Dasyprocta punctata
3698,BSQ,Dasyprocta punctata
3699,VSNJ,A jamaicensis
3700,Japanese encephalitis virus,Eptesicus fuscus
3701, JEV ,Eptesicus fuscus
3702,YFV,R rattus
3703,yellow fever,Bradypus variegatus
3704,yellow fever,monkeys
3705,yellow fever,Choloepus didactylus
3706,yellow fever,Choloepus hoffmanni
3707,YF virus,Bradypus variegatus
3708,YF virus,monkeys
3709,YF virus,Choloepus didactylus
3710,YF virus,Choloepus hoffmanni
3711,WNV,Human
3712,YF virus,monkey
3713,RB virus,T brasiliensis
3714,RB virus,E fuscus
3715,yellow fever,human
3716,Yellow fever,human
3717,PRN,monkeys
3718,yellow fever,monkeys
3719,YFV,M musculus
3720,YFV,R rattus
3721,yellow fever,Alouatta caraya
3722,yellow fever,Alouatta guariba
3723,yellow fever,black howler
3724,yellow fever,brown howler
3725,yellow fever,monkey
3726,WNV,sheep
3727,yellow fever,human
3728,yellow fever,monkeys
3729,ILH,D punctata
3730,SLE virus,D punctata
3731, SLE ,human
3732, SLE ,human
3733,YF virus,human
3734,YF virus,human
3735,SLE virus,human
3736,SLE virus,human
3737,SLE virus,human
3738,SLE virus,human
3739,YF virus,human
3740,YF virus,human
3741,SLE virus,human
3742,SLE virus,human
3743,West Nile virus,human
3744,Mayaro,Dasyprocta punctata
3745,Mayaro,monkeys
3746,PRN,Dasyprocta punctata
3747,PRN,monkeys
3748,Mayaro virus,Dasyprocta punctata
3749,Mayaro virus,monkeys
3750,SLE virus,Carollia perspicillata
3751,SLE virus,Didelphis marsupialis
3752,SLE virus,Artibeus jamaicensis
3753,SLE virus,Metachirus nudicaudatus
3754,SLE virus,Artibeus lituratus
3755,ILH,Carollia perspicillata
3756,ILH,Didelphis marsupialis
3757,ILH,Artibeus jamaicensis
3758,ILH,Metachirus nudicaudatus
3759,ILH,Artibeus lituratus
3760,BSQ,Carollia perspicillata
3761,BSQ,Didelphis marsupialis
3762,BSQ,Artibeus jamaicensis
3763,BSQ,Metachirus nudicaudatus
3764,BSQ,Artibeus lituratus
3765,Mayaro virus,Carollia perspicillata
3766,Mayaro virus,Didelphis marsupialis
3767,Mayaro virus,Artibeus jamaicensis
3768,Mayaro virus,Metachirus nudicaudatus
3769,Mayaro virus,Artibeus lituratus
3770,SLE,Carollia perspicillata
3771,SLE,Didelphis marsupialis
3772,SLE,Artibeus jamaicensis
3773,SLE,Metachirus nudicaudatus
3774,SLE,Artibeus lituratus
3775,Mayaro virus,monkeys
3776,Mayaro virus,D punctata
3777,yellow fever,brown howler monkey
3778,measles morbillivirus,human
3779,YF virus,monkeys
3780,SLE virus,Tyrannus melancholicus
3781,SLE virus,tropical kingbird
3782,WNV,sheep
3783,Yellow Fever,Monkeys
3784,OPS,monkeys
3785,OPS,black howler
3786,yellow fever,monkeys
3787,yellow fever,black howler
3788,TCR,A lituratus
3789,TCR,A lituratus
3790,WEE virus,A lituratus
3791,WEE virus,A lituratus
3792,West Nile virus,Columba livia
3793,yellow fever,tufted capuchin
3794,yellow fever,monkey
3795,West Nile virus,sheep
3796,yellow fever,monkeys
3797,SLEV,horse
3798,ILHV,horse
3799,YFV,horse
3800,ROCV,horse
3801,YF virus,monkey
3802,SLE virus,monkey
3803,WEE,A lituratus
3804,ILH virus,Dasyprocta punctata
3805,Yellow Fever,Monkeys
3806,yellow fever,monkeys
3807,WNV,starling
3808,WNV,blue tit
3809,Tembusu virus,monkeys
3810,DENV,Carollia perspicillata
3811,DENV,human
3812,DENV,Carollia perspicillata
3813,DENV,human
3814,DENV,Carollia perspicillata
3815,DENV,human
3816,DENV,Carollia perspicillata
3817,DENV,human
3818,dengue,Carollia perspicillata
3819,dengue,human
3820,WNV,marsh warbler
3821,USUV,marsh warbler
3822,Zika virus,monkey
3823,Zika Virus,Monkey
3824,louping ill virus,sheep
3825,USUV,Starling
3826,USUV,Greater Spotted Eagle
3827,Zika Virus,Monkey
3828,Salmonella,swine
3829,Escherichia,swine
3830,SLE virus,turkey
3831,DENV,G soricina
3832,DENV,S ludovici
3833,DENV,Desmodus rotundus
3834,DENV,Uroderma bilobatum
3835,DENV,Artibeus jamaicensis
3836,DENV,Platyrrhinus helleri
3837,DENV,S bilineata
3838,DENV,A phaeotis
3839,DENV,Glossophaga commissarisi
3840,DENV,Pteronotus davyi
3841,DENV,Carollia perspicillata
3842,DENV,Sturnira lilium
3843,DENV,Hylonycteris underwoodi
3844,DENV,A lituratus
3845,DENV,C sowelli
3846,TBE,mouflon
3847,WNV,European Starling
3848,WNV,moustached warbler
3849,WNV,Acrocephalus melanopogon
3850,WNV,reed warbler
3851,Zika virus,human
3852,Zika virus,monkey
3853,Zika virus,human
3854,Zika virus,monkey
3855,TBE virus,sheep
3856,MVEV,human
3857,MVEV,human
3858,WNV,human
3859,Apoi,turkey
3860,APOI,turkey
3861,Saboya,turkey
3862,TBEV,goat
3863,TBEV,sheep
3864,TBEV,sheep
3865,TBEV,human
3866,louping ill virus,goat
3867,louping ill virus,sheep
3868,louping ill virus,sheep
3869,louping ill virus,human
3870,USUV,common coot
3871,USUV,Magpie
3872,Murray Valley encephalitis,human
3873,Murray Valley encephalitis,human
3874, MVE ,human
3875, MVE ,human
3876,Japanese encephalitis,human
3877,Japanese encephalitis,human
3878,dengue,human
3879,dengue,human
3880,West Nile,human
3881,West Nile,human
3882,WN virus,human
3883,MVE,human
3884,Entebbe bat,turkey
3885,Rio Bravo,turkey
3886,Apoi,turkey
3887,Dakar bat,turkey
3888,Bukalasa bat,turkey
3889,Saboya,turkey
3890,Koutango,turkey
3891,CPE,turkey
3892,SLE virus,turkey
3893,Koutango,turkey
3894,Zika virus,human
3895,Zika virus,human
3896,USUV,Blackbird
3897, EDTA ,mouse
3898,WNV,mouse
3899,dengue virus,monkeys
3900,TBEV,mouflon
3901,TBEV,mouflon
3902, TBEV ,mouflon
3903,WNV,human
3904,WNV,human
3905,TBEV,mouflon
3906,TBEV,mouflon
3907,Dengue,human
3908,Dengue,human
3909,TBE,human
3910,Murray Valley encephalitis virus,horse
3911,Zika virus,monkey
3912,JE virus,Nycticorax nycticorax
3913,Koutango,turkey
3914,FUAS,turkey
3915,WNV,coot
3916,Usutu virus,coot
3917,WNV,coot
3918,Usutu,coot
3919,Wesselsbron virus,human
3920,Wesselsbron virus,human
3921,Rio Bravo virus,human
3922,DENV,human
3923,Modoc virus,mice
3924,Modoc virus,Peromyscus maniculatus
3925,louping ill virus,sheep
3926,louping ill virus,mice
3927,louping ill virus,pig
3928,tick  borne encephalitis,sheep
3929,West Nile virus,Columba livia
3930,WNV,Spotted Eagle
3931,WNV,magpie
3932,USUV,Spotted Eagle
3933,USUV,magpie
3934,West Nile virus,human
3935,DENV,A lituratus
3936,DENV,A jamaicensis
3937,DENV,G soricina
3938,ZIKA VIRUS,MONKEY
3939,Jutiapa,S hispidus
3940,Saboya,turkey
3941,den,Anseranas semipalmata
3942,den,Dendrocygna eytoni
3943,den,Porphyrio porphyrio
3944,den,magpie
3945,den,Nycticorax caledonicus
3946,den,T spinicollis
3947, PFU ,mouse
3948,WNV,mouse
3949,FCS,mouse
3950,Modoc,turkey
3951,WNV,blue tit
3952,WNV,common kingfisher
3953,DENV,Carollia sowelli
3954,DENV,A planirostris
3955,DENV,Myotis nigricans
3956, PFU ,green monkey
3957, PFU ,rhesus monkey
3958,Zika virus,human
3959,Zika virus,human
3960,USUV,common coot
3961,Zika virus,monkey
3962,WNV,common coot
3963,West Nile virus,Megascops asio
3964,FUAS,mice
3965,SLE,monkey
3966,Entebbe bat,monkey
3967,Rio Bravo virus,monkey
3968,Zika virus,monkeys
3969,TBE,dog
3970,USUV,coot
3971,USUV,coot
3972,USUV,coot
3973,USUV,coot
3974,WNV,coot
3975,WNV,coot
3976,WNV,coot
3977,WNV,coot
3978,USUV,coot
3979,USUV,coot
3980,Koutango virus,turkey
3981,TBE,mouflon
3982,TBEV,mouflon
3983,SLE virus,turkey
3984,SLE,pig
3985,Rio Bravo,pig
3986,WNV,great reed warbler
3987,FUAS,mice
3988,Koutango,turkey
3989,WNV,Pica pica
3990,WNV,Pica pica
3991,Tembusu virus,human
3992,Tembusu virus,human
3993,dengue,human
3994, TBE ,Ovis ammon
3995, TBE ,human
3996, TBE ,mouflon
3997,MVEV,human
3998,WNV,blue tit
3999,WNV,Panurus biarmicus
4000,WNV,blue tit
4001,WNV,Panurus biarmicus
4002,Rio Bravo,turkey
4003,Bukalasa bat,turkey
4004,Phnom Penh bat,turkey
4005,Saboya,turkey
4006,Jutiapa,turkey
4007,Apoi,turkey
4008,Cowbone Ridge,turkey
4009,Koutango,turkey
4010,Entebbe bat,turkey
4011,Carey Island,turkey
4012,Koutango,turkey
4013,Saboya,turkey
4014,Entebbe bat,turkey
4015,West Nile virus,human
4016,TBEV,mouflon
4017,TBEV,mouflon
4018,tick  borne encephalitis virus,dog
4019,WNV,Panurus biarmicus
4020,WNV,Netta rufina
4021,WNV,Common coot
4022,WNV,Emberiza schoeniclus
4023,WNV,Acrocephalus arundinaceus
4024,WNV,Song thrush
4025,WNV,Tufted duck
4026,WNV,Icterine warbler
4027,WNV,Saxicola torquatus
4028,WNV,Acrocephalus scirpaceus
4029,WNV,parus caeruleus
4030,WNV,Starling
4031,WNV,Blue tit
4032,WNV,Fulica atra
4033,WNV,Stonechat
4034,WNV,Common sandpiper
4035,WNV,Aythya fuligula
4036,WNV,Turdus philomelos
4037,WNV,Marsh warbler
4038,WNV,Little grebe
4039,WNV,Barred warbler
4040,WNV,mallard
4041,WNV,Hippolais icterina
4042,WNV,Sturnus vulgaris
4043,WNV,Locustella luscinioides
4044,WNV,Common pochard
4045,WNV,Sedge warbler
4046,WNV,Blackbird
4047,WNV,duck
4048,WNV,Swallow
4049,WNV,Red  backed shrike
4050,WNV,Black  headed gull
4051,WNV,Anas platyrhynchos
4052,WNV,Sylvia nisoria
4053,WNV,Tachybaptus ruficollis
4054,WNV,Acrocephalus palustris
4055,WNV,Remiz pendulinus
4056,WNV,Great reed warbler
4057,WNV,Aythya ferina
4058,WNV,Red  crested pochard
4059,WNV,Turdus merula
4060,WNV,Anas platyrhynchos
4061,WNV,Hirundo rustica
4062,WNV,Reed bunting
4063,WNV,goose
4064,WNV,Blackcap
4065,WNV,Acrocephalus schoenobaenus
4066,WNV,Lanius collurio
4067,WNV,Reed warbler
4068,WNV,Larus ridibundus
4069,WNV,Anser anser
4070,WNV,Gadwall
4071,WNV,Sylvia atricapilla
4072,WNV,Common kingfisher
4073,WEST NILE VIRUS,Panurus biarmicus
4074,WEST NILE VIRUS,Netta rufina
4075,WEST NILE VIRUS,Common coot
4076,WEST NILE VIRUS,Emberiza schoeniclus
4077,WEST NILE VIRUS,Acrocephalus arundinaceus
4078,WEST NILE VIRUS,Song thrush
4079,WEST NILE VIRUS,Tufted duck
4080,WEST NILE VIRUS,Icterine warbler
4081,WEST NILE VIRUS,Saxicola torquatus
4082,WEST NILE VIRUS,Acrocephalus scirpaceus
4083,WEST NILE VIRUS,parus caeruleus
4084,WEST NILE VIRUS,Starling
4085,WEST NILE VIRUS,Blue tit
4086,WEST NILE VIRUS,Fulica atra
4087,WEST NILE VIRUS,Stonechat
4088,WEST NILE VIRUS,Common sandpiper
4089,WEST NILE VIRUS,Aythya fuligula
4090,WEST NILE VIRUS,Turdus philomelos
4091,WEST NILE VIRUS,Marsh warbler
4092,WEST NILE VIRUS,Little grebe
4093,WEST NILE VIRUS,Barred warbler
4094,WEST NILE VIRUS,mallard
4095,WEST NILE VIRUS,Hippolais icterina
4096,WEST NILE VIRUS,Sturnus vulgaris
4097,WEST NILE VIRUS,Locustella luscinioides
4098,WEST NILE VIRUS,Common pochard
4099,WEST NILE VIRUS,Sedge warbler
4100,WEST NILE VIRUS,Blackbird
4101,WEST NILE VIRUS,duck
4102,WEST NILE VIRUS,Swallow
4103,WEST NILE VIRUS,Red  backed shrike
4104,WEST NILE VIRUS,Black  headed gull
4105,WEST NILE VIRUS,Anas platyrhynchos
4106,WEST NILE VIRUS,Sylvia nisoria
4107,WEST NILE VIRUS,Tachybaptus ruficollis
4108,WEST NILE VIRUS,Acrocephalus palustris
4109,WEST NILE VIRUS,Remiz pendulinus
4110,WEST NILE VIRUS,Great reed warbler
4111,WEST NILE VIRUS,Aythya ferina
4112,WEST NILE VIRUS,Red  crested pochard
4113,WEST NILE VIRUS,Turdus merula
4114,WEST NILE VIRUS,Anas platyrhynchos
4115,WEST NILE VIRUS,Hirundo rustica
4116,WEST NILE VIRUS,Reed bunting
4117,WEST NILE VIRUS,goose
4118,WEST NILE VIRUS,Blackcap
4119,WEST NILE VIRUS,Acrocephalus schoenobaenus
4120,WEST NILE VIRUS,Lanius collurio
4121,WEST NILE VIRUS,Reed warbler
4122,WEST NILE VIRUS,Larus ridibundus
4123,WEST NILE VIRUS,Anser anser
4124,WEST NILE VIRUS,Gadwall
4125,WEST NILE VIRUS,Sylvia atricapilla
4126,WEST NILE VIRUS,Common kingfisher
4127,SLE virus,turkey
4128,MVE virus,Nankeen night heron
4129,Carey Island,Cynopterus brachyotis
4130,Phnom Penh bat,Cynopterus brachyotis
4131,Dakar bat,Cynopterus brachyotis
4132,Saboya,Cynopterus brachyotis
4133,TBEV,mouflon
4134,TBEV,mouflon
4135,TBEV,mouflon
4136,louping ill virus,mouflon
4137,DENV,human
4138,DENV,human
4139,DENV,monkeys
4140,DENV,A lituratus
4141,DENV,A jamaicensis
4142,DENV,G soricina
4143,TBEV,mouflon
4144,TBEV,mouflon
4145,Koutango,turkey
4146, WNV ,Fulica atra
4147, WNV ,Fulica atra
4148,WNV,Fulica atra
4149,WNV,Fulica atra
4150,USUV,Fulica atra
4151,USUV,Fulica atra
4152,WEST NILE VIRUS,Fulica atra
4153,WEST NILE VIRUS,Fulica atra
4154, USUV ,Fulica atra
4155, USUV ,Fulica atra
4156,USUTU,Fulica atra
4157,USUTU,Fulica atra
4158,WNV,Fulica atra
4159,WNV,Fulica atra
4160,dengue,monkey
4161,Zika virus,monkey
4162,West Nile virus,human
4163,WNV,Magpie
4164,WNV,Starling
4165,louping ill virus,mouflon
4166,TBE,mouflon
4167, TBE ,mouflon
4168,Koutango,turkey
